Time,Time Code,Country Name,Country Code,gender,employer_pct,industry_pct,service_pct,agriculture_pct,laborforce_pct,advance_education_pct,intermediate_education_pct,basic_education_pct,wages_and_salaries_pct,Laborforce_pop_total,Population_total,Population_density
2000-01-01,YR2000,United States,USA,female,2.24000000953674,23.32200050354,74.8440017700195,2.56900000572205,59.0229988098145,84.5529022216797,73.5848007202148,51.9124984741211,91.5859985351563,146767599.0,282162411.0,30.7973013298523
2000-01-01,YR2000,United Kingdom,GBR,female,1.67200005054474,25.1669998168945,73.2979965209961,2.1710000038147,53.5540008544922,92.1563034057617,86.192497253418,76.8231964111328,92.1419982910156,29295681.0,58892514.0,243.427908899268
2000-01-01,YR2000,European Union,EUU,female,2.77148652110681,29.3917528000509,62.6663096003983,8.35948639556747,47.7031810128057,82.3194854111433,75.8696355984131,55.7980557240972,85.157377733118,228526899.0,488178832.0,115.084593201228
2000-01-01,YR2000,Europe & Central Asia,ECS,female,2.44404448502283,27.9879700701973,57.2329728326121,14.8532197057291,48.672821960695,0.0,0.0,0.0,81.3722093448129,397686380.0,862304086.0,31.4146098264201
2000-01-01,YR2000,Canada,CAN,female,3.2739999294281,22.4750003814697,74.2369995117188,4.47800016403198,58.6479988098145,82.8255004882813,77.1270980834961,60.4964981079102,87.6360015869141,16235249.0,30769700.0,3.38369892373792
2000-01-01,YR2000,Colombia,COL,female,2.26999998092651,18.121000289917,60.2630004882813,29.2819995880127,41.7190017700195,0.0,0.0,0.0,51.5859985351563,16763818.0,40403958.0,36.4163659305994
2000-01-01,YR2000,Mexico,MEX,female,1.98199999332428,27.0130004882813,55.3199996948242,22.9540004730225,38.882999420166,0.0,0.0,0.0,64.5950012207031,40336388.0,101719673.0,52.32628051133
2000-01-01,YR2000,Latin America & Caribbean,LCN,female,2.34433771436495,21.4118186037223,57.8104240244295,25.3310318401444,46.5683797731763,0.0,0.0,0.0,65.8611171291592,223198210.0,524829251.0,26.1854983791541
2000-01-01,YR2000,North America,NAC,female,2.34075536245358,23.2398914963383,74.7851583867666,2.75325835622258,58.9853274689264,84.3803651673521,73.9386139304231,52.7698890755822,91.2011016614869,163002848.0,312993944.0,17.1452048371229
2000-01-01,YR2000,East Asia & Pacific,EAS,female,0.793701561095605,25.4351612884165,32.7125406908783,39.8346380163552,64.9249538972467,0.0,0.0,0.0,43.8566879764509,1117548732.0,2047150745.0,83.9431403986083
2000-01-01,YR2000,South Asia,SAS,female,0.51350980713771,15.8100752780401,24.7204697167716,54.041875138852,32.259981517081,86.7328033447266,69.290397644043,78.4250030517578,11.6176740317251,520225780.0,1386625845.0,290.49870423987
2000-01-01,YR2000,Europe & Central Asia (excluding high income),ECA,female,1.77189990110819,26.27607881662,47.6407509851456,25.76001022595,50.032995318546,0.0,0.0,0.0,74.356888479182,177857206.0,392657969.0,17.3515496676427
2000-01-01,YR2000,East Asia & Pacific (excluding high income),EAP,female,0.710128827354212,24.8975361594812,29.048207426249,44.0687036575604,67.1966746464267,0.0,0.0,0.0,40.18589902091,999391535.0,1815956211.0,114.103724483128
2001-01-01,YR2001,United States,USA,female,2.19400000572205,22.6070003509521,75.681999206543,2.36400008201599,58.806999206543,84.5616989135742,72.7469024658203,51.8759002685547,91.7030029296875,147741226.0,284968955.0,31.1036283879362
2001-01-01,YR2001,United Kingdom,GBR,female,1.62600004673004,24.6399993896484,73.9680023193359,1.9889999628067,53.3740005493164,92.4166030883789,85.3774032592773,75.7078018188477,92.5449981689453,29259367.0,59119673.0,244.366854048692
2001-01-01,YR2001,European Union,EUU,female,2.68767402565522,29.094251218122,63.2312993346918,8.10356302616797,47.6672726329547,82.2549140669061,75.4682907088541,53.1005498581108,85.2842019775205,228855148.0,489155665.0,115.329284103793
2001-01-01,YR2001,Europe & Central Asia,ECS,female,2.43036064597672,27.9790068955975,57.9415160732343,14.1556013730454,48.4440156308242,0.0,0.0,0.0,81.722819924331,397276632.0,863615632.0,31.4640322270965
2001-01-01,YR2001,Canada,CAN,female,2.93899989128113,22.3689994812012,74.8010025024414,3.91499996185303,58.9490013122559,82.3992004394531,77.0263977050781,59.4907989501953,88.786003112793,16492176.0,31081900.0,3.41803110130192
2001-01-01,YR2001,Colombia,COL,female,2.27800011634827,18.4340000152588,59.3680000305176,30.625,43.2439994812012,0.0,0.0,0.0,51.685001373291,17406537.0,40988909.0,36.9435863001352
2001-01-01,YR2001,Mexico,MEX,female,1.88399994373322,26.0499992370605,56.3009986877441,23.257999420166,38.1800003051758,0.0,0.0,0.0,64.2679977416992,40703848.0,103067068.0,53.0194027624167
2001-01-01,YR2001,Latin America & Caribbean,LCN,female,2.504784157854,20.9531113419405,58.5436425141485,25.1113236976648,47.2164775428889,0.0,0.0,0.0,61.4982910960471,228655461.0,532172709.0,26.5518882234511
2001-01-01,YR2001,North America,NAC,female,2.26758566570064,22.5836639366927,75.5956158917695,2.51513710382615,58.821293475718,84.3435440785383,73.1786218816394,52.644098251392,91.4148829435716,164233402.0,316113359.0,17.3160803769608
2001-01-01,YR2001,East Asia & Pacific,EAS,female,0.805508756603879,25.4850040508746,33.7398436839143,38.7989390420536,64.4547558971066,0.0,0.0,0.0,44.6629646950568,1129896288.0,2065521836.0,84.6953672087001
2001-01-01,YR2001,South Asia,SAS,female,0.436911460189225,15.6209234067041,24.9187327528552,54.0584427310566,32.6835660263832,0.0,0.0,0.0,11.2655611250391,534743002.0,1412104373.0,295.836466691527
2001-01-01,YR2001,Europe & Central Asia (excluding high income),ECA,female,1.96982342274479,26.6480482355726,48.576628509457,24.4218895192617,49.5122610136859,0.0,0.0,0.0,75.002044784076,176762930.0,392446165.0,17.3428805619564
2001-01-01,YR2001,East Asia & Pacific (excluding high income),EAP,female,0.713731330791716,25.0520259483062,30.1047476692458,42.8617689114665,66.6177966727236,0.0,0.0,0.0,40.9996213659658,1011022039.0,1833033752.0,115.176598918647
2002-01-01,YR2002,United States,USA,female,2.27600002288818,21.6580009460449,76.6149978637695,2.39800000190735,58.5909996032715,84.0994033813477,72.2129974365234,52.4550018310547,91.7910003662109,148568133.0,287625193.0,31.3935499327652
2002-01-01,YR2002,United Kingdom,GBR,female,1.61699998378754,23.9109992980957,74.7030029296875,1.97500002384186,53.9490013122559,91.7547988891602,85.7003021240234,74.8195037841797,92.5199966430664,29588702.0,59370479.0,245.40354234696
2002-01-01,YR2002,European Union,EUU,female,2.68464578857681,28.781898673543,64.1853332138934,7.6098192749974,47.8124824119472,81.9320670925879,75.1739755527597,52.1107667237199,86.1491878402407,229848485.0,490390251.0,115.652813680887
2002-01-01,YR2002,Europe & Central Asia,ECS,female,2.46921305357667,27.7734269794395,58.8697151625896,13.4250664069323,48.7282227556279,0.0,0.0,0.0,82.2007709805818,399949606.0,865196877.0,31.5224420595421
2002-01-01,YR2002,Canada,CAN,female,2.95900011062622,22.5310001373291,74.6999969482422,3.81699991226196,60.125,82.3914031982422,77.6688003540039,60.8672981262207,88.4609985351563,16944708.0,31362000.0,3.44883328879608
2002-01-01,YR2002,Colombia,COL,female,2.96300005912781,19.7590007781982,59.693000793457,28.2089996337891,44.7770004272461,0.0,0.0,0.0,53.931999206543,18049380.0,41572491.0,37.4695727805318
2002-01-01,YR2002,Mexico,MEX,female,1.90699994564056,25.011999130249,57.4640007019043,23.1420001983643,38.9220008850098,0.0,0.0,0.0,63.2019996643066,41578562.0,104355608.0,53.6822490290388
2002-01-01,YR2002,Latin America & Caribbean,LCN,female,2.61425574445927,21.1153678651229,58.4322325089232,24.9985040348574,48.062579980329,0.0,0.0,0.0,61.194088417501,234722105.0,539372044.0,26.9124434659707
2002-01-01,YR2002,North America,NAC,female,2.3454723549694,21.7457713963084,76.4224656205682,2.53925205825836,58.745673541685,83.9231413460356,72.7760248506938,53.3231331587329,91.452284460911,165512841.0,319050105.0,17.4769496611428
2002-01-01,YR2002,East Asia & Pacific,EAS,female,0.828891411920452,25.417588800255,34.7303449735846,37.8200627772294,63.8779494097399,0.0,0.0,0.0,45.3980173775903,1141835723.0,2082953527.0,85.411840851498
2002-01-01,YR2002,South Asia,SAS,female,0.290067436624414,16.3181809030233,25.8852039863646,52.2623967440517,33.1279876987238,0.0,0.0,0.0,11.172617730427,549881583.0,1437568227.0,301.171154933945
2002-01-01,YR2002,Europe & Central Asia (excluding high income),ECA,female,2.09078658400975,26.8565345529979,49.818656715175,22.8581789205587,49.585162561412,0.0,0.0,0.0,75.6866139426502,177158787.0,392134307.0,17.329999644238
2002-01-01,YR2002,East Asia & Pacific (excluding high income),EAP,female,0.738139818157116,25.048252804158,31.1526477664602,41.7339046773687,65.9560262718598,0.0,0.0,0.0,41.7779045166579,1022540762.0,1849372898.0,116.207200890321
2003-01-01,YR2003,United States,USA,female,2.25399994850159,21.2789993286133,77.0380020141602,2.34299993515015,58.4580001831055,83.2186965942383,71.5519027709961,52.6977996826172,91.7310028076172,149183847.0,290107933.0,31.6645346171981
2003-01-01,YR2003,United Kingdom,GBR,female,1.64900004863739,23.3409996032715,75.411003112793,1.81099998950958,53.9080009460449,92.1703033447266,85.2188034057617,75.6735000610352,92.1070022583008,29868748.0,59647577.0,246.548906708552
2003-01-01,YR2003,European Union,EUU,female,2.70724392738435,28.2058665961571,64.9410638485009,7.51843895745339,48.1371349855188,81.7556435906437,74.7070568314826,52.065101738303,86.3233328930955,231914512.0,492200117.0,116.067057832838
2003-01-01,YR2003,Europe & Central Asia,ECS,female,2.45686764984775,27.6291580516947,59.3974818356809,13.1793939038808,48.7510571800801,0.0,0.0,0.0,82.5846526749603,402243420.0,867457664.0,31.6042089898343
2003-01-01,YR2003,Canada,CAN,female,2.87400007247925,22.2730007171631,74.9680023193359,3.84899997711182,61.1419982910156,82.5990982055664,77.1352996826172,61.0535011291504,88.5670013427734,17361674.0,31676000.0,3.48336340972848
2003-01-01,YR2003,Colombia,COL,female,2.66300010681152,19.3159999847412,59.439998626709,28.8619995117188,46.3110008239746,0.0,0.0,0.0,50.5989990234375,18695610.0,42152151.0,37.9920243352862
2003-01-01,YR2003,Mexico,MEX,female,1.72599995136261,25.0580005645752,58.6100006103516,21.7889995574951,38.451000213623,0.0,0.0,0.0,63.1160011291504,41975188.0,105640453.0,54.3431945266082
2003-01-01,YR2003,Latin America & Caribbean,LCN,female,2.53198838772739,21.0532406914583,58.919072575841,24.5056095328009,48.48911641756,0.0,0.0,0.0,61.3559365825167,239922630.0,546478662.0,27.2670208287857
2003-01-01,YR2003,North America,NAC,female,2.31836129910575,21.3810571931209,76.8254673529226,2.49616952543406,58.7294579697242,83.1534565862563,72.1398011027879,53.5776051163206,91.4025522158909,166545521.0,321847258.0,17.6301723099037
2003-01-01,YR2003,East Asia & Pacific,EAS,female,0.880458818398735,26.2522712151936,35.2278248999189,36.5801869849697,63.2858637685932,0.0,0.0,0.0,46.6561790602548,1153614184.0,2099545576.0,86.0938190994772
2003-01-01,YR2003,South Asia,SAS,female,0.30618452901994,16.6833676449394,26.3991526038501,51.3675731994237,33.6427837729413,0.0,0.0,0.0,11.43780501351,565895867.0,1462906674.0,306.479570356528
2003-01-01,YR2003,Europe & Central Asia (excluding high income),ECA,female,2.03370318745883,27.2606498151834,50.0038142198296,22.4681660693354,49.0733732559126,0.0,0.0,0.0,76.3341793245758,176995162.0,392280391.0,17.3363683438088
2003-01-01,YR2003,East Asia & Pacific (excluding high income),EAP,female,0.79330917018393,26.0111737327949,31.6907559497125,40.315193098609,65.2653598311637,0.0,0.0,0.0,43.1057843350454,1034092261.0,1865072190.0,117.197220149322
2004-01-01,YR2004,United States,USA,female,2.20799994468689,21.2059993743896,77.1600036621094,2.2960000038147,58.1539993286133,83.0225982666016,71.0419998168945,53.6083984375,91.8150024414063,150258666.0,292805298.0,31.9589450682826
2004-01-01,YR2004,United Kingdom,GBR,female,1.69099998474121,22.3020000457764,76.4219970703125,1.85300004482269,54.3079986572266,91.6617965698242,84.9289016723633,74.2649993896484,92.1050033569336,30142943.0,59987905.0,247.955627660894
2004-01-01,YR2004,European Union,EUU,female,2.51645156760972,27.9552330457829,65.706656723563,7.04064358236311,48.3801209093552,81.618724404675,74.4467825403269,51.378093059564,86.516738371321,233659097.0,494162543.0,116.535593804704
2004-01-01,YR2004,Europe & Central Asia,ECS,female,2.62910977019496,27.576847710083,60.3371264384247,12.3491256670609,48.7178539085122,0.0,0.0,0.0,82.8278576524694,405035593.0,870030756.0,31.6978982303908
2004-01-01,YR2004,Canada,CAN,female,2.96799993515015,22.378999710083,74.9800033569336,3.65700006484985,61.2550010681152,82.1337966918945,77.2116012573242,59.9048004150391,88.6859970092773,17583893.0,31995000.0,3.51844337335088
2004-01-01,YR2004,Colombia,COL,female,2.96000003814697,20.1089992523193,59.5330009460449,27.9090003967285,47.8349990844727,0.0,0.0,0.0,52.0019989013672,19352639.0,42724163.0,38.5075826949076
2004-01-01,YR2004,Mexico,MEX,female,1.92900002002716,24.9409999847412,59.0880012512207,21.3339996337891,40.6529998779297,0.0,0.0,0.0,62.681999206543,43720881.0,106995583.0,55.0402957895008
2004-01-01,YR2004,Latin America & Caribbean,LCN,female,2.59436165700186,21.1757032650169,58.9052934131134,24.4691409333327,49.6740075929941,0.0,0.0,0.0,61.6048255744547,247505846.0,553563090.0,27.6204906492617
2004-01-01,YR2004,North America,NAC,female,2.28759481453472,21.3269488978436,76.9352211194133,2.43447023660241,58.4683174598153,82.9282153978664,71.6971569402296,54.2770206567464,91.487301410816,167842559.0,324864038.0,17.7954257023097
2004-01-01,YR2004,East Asia & Pacific,EAS,female,0.992885334759097,26.2598660119719,36.5751607427571,35.1577555311837,62.730875961875,0.0,0.0,0.0,48.7114539845706,1164961252.0,2115557365.0,86.7507431688103
2004-01-01,YR2004,South Asia,SAS,female,0.320873461351022,17.7533677795257,26.7287101576154,49.6189024073858,34.1674254333086,0.0,0.0,0.0,11.8144923766605,582158681.0,1487975237.0,311.841396879899
2004-01-01,YR2004,Europe & Central Asia (excluding high income),ECA,female,2.6741898786851,27.6082098745804,51.3329775288278,20.8367951519602,48.6769701420493,0.0,0.0,0.0,76.9366741982555,177997713.0,392625999.0,17.3514120334371
2004-01-01,YR2004,East Asia & Pacific (excluding high income),EAP,female,0.911235839370243,26.0775224393188,33.1049128669251,38.7322348250094,64.5849504284123,0.0,0.0,0.0,45.315529762425,1044896178.0,1880346879.0,118.157941992954
2005-01-01,YR2005,United States,USA,female,2.1470000743866,21.048999786377,77.370002746582,2.21000003814697,58.242000579834,83.0075988769531,71.0080032348633,53.7196998596191,92.0199966430664,152118122.0,295516599.0,32.2548765979183
2005-01-01,YR2005,United Kingdom,GBR,female,1.55599999427795,22.2159996032715,76.4069976806641,1.92700004577637,54.7130012512207,91.7098999023438,85.1116027832031,74.8382034301758,92.1630020141602,30589897.0,60401206.0,249.663977183483
2005-01-01,YR2005,European Union,EUU,female,2.42539618542531,27.5811424222488,66.2672237618029,6.85118837855245,48.7813630147635,81.4549198373665,74.5301316387199,51.452121079799,86.7195375070705,236323351.0,496115006.0,117.004034052545
2005-01-01,YR2005,Europe & Central Asia,ECS,female,2.74377571899355,27.3859404199576,60.9142905568104,11.9213025879421,48.9669887230618,0.0,0.0,0.0,82.821265100315,409344298.0,872661616.0,31.7938342751734
2005-01-01,YR2005,Canada,CAN,female,3.06100010871887,22.048999786377,75.2320022583008,3.73399996757507,60.9309997558594,81.7198028564453,76.4536972045898,59.1968994140625,88.4830017089844,17734768.0,32312000.0,3.55330339989729
2005-01-01,YR2005,Colombia,COL,female,3.04800009727478,20.0389995574951,59.2529983520508,28.7910003662109,49.3400001525879,0.0,0.0,0.0,52.6730003356934,20023285.0,43285634.0,39.0136403785489
2005-01-01,YR2005,Mexico,MEX,female,2.11500000953674,25.7189998626709,59.4879989624023,20.0839996337891,41.3199996948242,89.9293975830078,79.081901550293,79.7682037353516,64.6139984130859,44833048.0,108472228.0,55.7999063761928
2005-01-01,YR2005,Latin America & Caribbean,LCN,female,2.74840963356943,21.4744333826893,59.0660474943548,23.871185133825,50.3251826536017,88.2968743509568,83.3776445550787,77.6099823620803,63.7858644371193,253654658.0,560673962.0,27.9752516447587
2005-01-01,YR2005,North America,NAC,female,2.2423762839894,21.151754931661,77.1503121957914,2.36453974194311,58.5149987677938,82.8714583941229,71.5836995365895,54.2987268017937,91.6509100374587,169852890.0,327892753.0,17.9613328710064
2005-01-01,YR2005,East Asia & Pacific,EAS,female,1.09328364443202,26.4696082160344,37.8811218834419,33.7359443590936,62.3028783689678,0.0,0.0,0.0,50.3218170207702,1176127253.0,2131363078.0,87.3989837397841
2005-01-01,YR2005,South Asia,SAS,female,0.348437480923101,18.1906042864959,27.2479187476689,48.3827533161044,34.7543096164035,85.7571029663086,70.6822967529297,80.2269973754883,12.3206141811707,599035788.0,1512670560.0,317.016902378396
2005-01-01,YR2005,Europe & Central Asia (excluding high income),ECA,female,3.05832033505133,27.640803820598,52.0118045266427,19.9895549163031,48.5991103523911,0.0,0.0,0.0,76.679544548962,179248413.0,393027492.0,17.369095434382
2005-01-01,YR2005,East Asia & Pacific (excluding high income),EAP,female,1.02174045070391,26.3863124591442,34.4703249574883,37.1350529578905,64.0381556060869,0.0,0.0,0.0,47.0379534524692,1055259204.0,1895491197.0,119.110040644142
2006-01-01,YR2006,United States,USA,female,2.08400011062622,21.1620006561279,77.2819976806641,2.17700004577637,58.3409996032715,82.8640975952148,70.9737014770508,55.0733985900879,92.0599975585938,153992258.0,298379912.0,32.5673998463204
2006-01-01,YR2006,United Kingdom,GBR,female,1.53600001335144,22.0620002746582,76.5849990844727,1.93400001525879,55.1279983520508,91.9238967895508,85.359001159668,74.6889038085938,91.8489990234375,31037309.0,60846820.0,251.50589013351
2006-01-01,YR2006,European Union,EUU,female,2.46940333878122,27.5154521648436,66.6083695415732,6.5979333034195,49.161096580779,81.3847112724163,74.5392264703191,51.5189035214731,86.9334872289125,238403539.0,497973712.0,117.460675604371
2006-01-01,YR2006,Europe & Central Asia,ECS,female,2.80256698472004,27.4518160061995,61.3561355436392,11.4468003756874,49.2129532480579,0.0,0.0,0.0,83.1315682532327,412276399.0,875343235.0,31.8965125712075
2006-01-01,YR2006,Canada,CAN,female,3.04800009727478,21.5060005187988,75.8379974365234,3.62800002098084,61.1980018615723,81.2317962646484,75.3883972167969,58.2979011535645,88.5770034790039,17912036.0,32570505.0,3.58173081681331
2006-01-01,YR2006,Colombia,COL,female,1.85899996757507,20.2110004425049,60.2840003967285,27.5769996643066,50.8269996643066,0.0,0.0,0.0,63.1119995117188,20681687.0,43835722.0,39.5094384858044
2006-01-01,YR2006,Mexico,MEX,female,2.34699988365173,25.8509998321533,59.939998626709,19.3950004577637,42.5060005187988,90.5899963378906,80.8912963867188,80.1367034912109,64.9530029296875,46406150.0,110092378.0,56.6333383060264
2006-01-01,YR2006,Latin America & Caribbean,LCN,female,2.77161778779766,21.6769305776464,59.728569561317,22.9523654047509,51.2347541159042,88.9395173911047,83.5687907529869,77.194073403653,65.0801936986574,260730560.0,567821716.0,28.3319083763362
2006-01-01,YR2006,North America,NAC,female,2.18482764112869,21.1972710296074,77.133944052038,2.32323627997814,58.6312779747018,82.6909915134681,71.4418813818887,55.4153581253117,91.6957011927601,171904294.0,331014940.0,18.1323602556602
2006-01-01,YR2006,East Asia & Pacific,EAS,female,1.1672672146307,26.727907630773,39.5014664988051,31.9589474251906,61.8987441157262,0.0,0.0,0.0,51.7222509855596,1185885659.0,2147029631.0,88.0408844825223
2006-01-01,YR2006,South Asia,SAS,female,0.383528528377719,19.0006330702757,27.504665999745,47.4459732428497,33.5464989666863,0.0,0.0,0.0,12.8111339919306,603940248.0,1536943534.0,322.103894372867
2006-01-01,YR2006,Europe & Central Asia (excluding high income),ECA,female,3.13314458382637,27.8972364055898,52.5942706417352,19.1865480808166,48.7443849224801,0.0,0.0,0.0,77.194983899228,180252684.0,393571334.0,17.3959224629894
2006-01-01,YR2006,East Asia & Pacific (excluding high income),EAP,female,1.10539545870355,26.672724269855,36.2548359182909,35.1551510824225,63.5357155064047,0.0,0.0,0.0,48.4664235217667,1064090032.0,1910175419.0,120.031950136344
2007-01-01,YR2007,United States,USA,female,2.04900002479553,21.0090007781982,77.5279998779297,2.08200001716614,58.2589988708496,82.7819976806641,70.4040985107422,55.0736999511719,92.2109985351563,155294548.0,301231207.0,32.8786113609374
2007-01-01,YR2007,United Kingdom,GBR,female,1.55099999904633,22.1889991760254,76.4449996948242,1.88900005817413,54.9459991455078,91.5931015014648,85.2771987915039,74.7773971557617,91.7239990234375,31240900.0,61322463.0,253.471925763651
2007-01-01,YR2007,European Union,EUU,female,2.45800654598168,27.5892824060255,66.8271566513564,6.25346232126877,49.382538648982,81.3528792384865,74.4076154748771,51.4538348556689,87.1628259920989,240168822.0,499916647.0,117.92041615864
2007-01-01,YR2007,Europe & Central Asia,ECS,female,2.86874411085303,27.5080886884704,61.8635350298964,10.8397141781949,49.4416725523846,81.4416465804236,74.2360785366533,52.6069261801483,83.3969055686495,416119683.0,878465990.0,32.0106416456315
2007-01-01,YR2007,Canada,CAN,female,2.85599994659424,21.0990009307861,76.4029998779297,3.41599988937378,61.8899993896484,80.8187026977539,75.728401184082,58.5643997192383,88.5370025634766,18274723.0,32887928.0,3.61663736005129
2007-01-01,YR2007,Colombia,COL,female,2.99499988555908,20.2080001831055,61.4140014648438,26.1110000610352,52.2869987487793,0.0,0.0,0.0,56.5229988098145,21357162.0,44374572.0,39.995107706174
2007-01-01,YR2007,Mexico,MEX,female,2.50399994850159,25.9500007629395,60.6689987182617,18.3649997711182,42.9230003356934,90.5078964233398,80.6244964599609,79.6976013183594,64.8280029296875,47576477.0,111836346.0,57.5304642609121
2007-01-01,YR2007,Latin America & Caribbean,LCN,female,2.68066956768939,22.1107397909041,60.289177061621,21.8375784366544,51.3554403875987,88.4042832043787,0.0,78.1696647594052,64.8908780213789,265568487.0,574994397.0,28.6897805866029
2007-01-01,YR2007,North America,NAC,female,2.13475419831914,21.0183502828198,77.4111312683012,2.21787839778155,58.6285055803442,82.5710895991857,70.9760647571897,55.4486903614304,91.8205889705826,173569271.0,334184023.0,18.3059565127841
2007-01-01,YR2007,East Asia & Pacific,EAS,female,1.26455623741003,26.7615652841908,41.1420926101883,30.2538582207103,61.5928278753749,0.0,0.0,0.0,52.947973518505,1196091052.0,2162104019.0,88.6586925112228
2007-01-01,YR2007,South Asia,SAS,female,0.421318743666177,19.7158896510395,27.5589625631204,46.7297798111056,32.2882715498686,0.0,0.0,0.0,13.4919848164995,607322931.0,1560818860.0,327.107549558563
2007-01-01,YR2007,Europe & Central Asia (excluding high income),ECA,female,3.28850523018215,27.9823023640258,53.5024531440209,18.1188809685818,48.9608894630974,0.0,0.0,0.0,77.5025780251364,182100246.0,394257705.0,17.4265282313522
2007-01-01,YR2007,East Asia & Pacific (excluding high income),EAP,female,1.2133071867583,26.7090564896362,38.0579774208618,33.266797039994,63.1453381776633,0.0,0.0,0.0,49.7454094685816,1073093141.0,1924328623.0,120.920936377996
2008-01-01,YR2008,United States,USA,female,2.02300000190735,20.3120002746582,78.1660003662109,2.16499996185303,58.4580001831055,82.3778991699219,70.0307006835938,54.4782981872559,92.4970016479492,157089439.0,304093966.0,33.2436868537795
2008-01-01,YR2008,United Kingdom,GBR,female,1.37999999523163,22.003999710083,76.9150009155273,1.38100004196167,55.2690010070801,88.5959014892578,81.3526992797852,69.8731994628906,91.7910003662109,31647690.0,61806995.0,255.474703426611
2008-01-01,YR2008,European Union,EUU,female,2.45271738214515,27.3139552950514,67.5678543668265,5.6591941255615,49.7263390708539,80.8333554058085,73.9034746310614,50.8080242386889,87.4753414365953,242270242.0,501808477.0,118.382159133319
2008-01-01,YR2008,Europe & Central Asia,ECS,female,2.80164384544162,27.3487366915379,62.4913277824167,10.3126767399137,49.6733593288101,80.805848542877,73.7830842960809,52.2592948788451,83.7370588160751,420245392.0,881965815.0,32.1398555887927
2008-01-01,YR2008,Canada,CAN,female,2.84800004959106,20.9360008239746,76.6800003051758,3.31299996376038,61.9860000610352,80.9003982543945,75.4224014282227,59.0787010192871,88.5609970092773,18573598.0,33245773.0,3.65598905153236
2008-01-01,YR2008,Colombia,COL,female,2.63700008392334,19.992000579834,61.7719993591309,26.0869998931885,53.7200012207031,0.0,0.0,0.0,51.359001159668,22041055.0,44901544.0,40.4700712032447
2008-01-01,YR2008,Mexico,MEX,female,2.34200000762939,25.746000289917,61.1759986877441,18.0790004730225,42.7949981689453,90.4466018676758,79.9044036865234,79.5136032104492,65.3759994506836,48488143.0,113661809.0,58.4695125903444
2008-01-01,YR2008,Latin America & Caribbean,LCN,female,2.8237481036787,22.2131007630492,60.6519203397809,21.4355815801925,51.5052361070756,88.583670101331,84.3007395951949,76.804104806411,64.9646890319842,270641498.0,582179826.0,29.0483030043972
2008-01-01,YR2008,North America,NAC,female,2.1114594523446,20.377752552322,78.0094173492108,2.28414099154321,58.8177554624482,82.2191207323136,70.6101154313525,54.9726767465936,92.0749691786991,175663037.0,337405012.0,18.4970879854043
2008-01-01,YR2008,East Asia & Pacific,EAS,female,1.34991762012455,26.6569384899507,42.3561439501039,29.1879791347241,61.2635747402966,0.0,0.0,0.0,54.4418140054168,1204998616.0,2177421759.0,89.2871557195245
2008-01-01,YR2008,South Asia,SAS,female,0.401571254480989,19.7999761934585,27.8544847348717,46.4663010193604,31.1034333342514,0.0,0.0,0.0,13.5906859325703,610706303.0,1584359049.0,332.040968635736
2008-01-01,YR2008,Europe & Central Asia (excluding high income),ECA,female,3.15152787494756,28.0031613764413,53.981663939361,17.6082191107777,48.9766784981411,0.0,0.0,0.0,77.8648506063371,183793867.0,395304586.0,17.4734747508788
2008-01-01,YR2008,East Asia & Pacific (excluding high income),EAP,female,1.31007845785909,26.6638447258713,39.3270849093382,32.0714255887499,62.755243047045,0.0,0.0,0.0,51.3149107620816,1081252938.0,1938363936.0,121.804494518658
2009-01-01,YR2009,United States,USA,female,2.09100008010864,18.8840007781982,79.5800018310547,2.22000002861023,58.1450004577637,81.756103515625,68.7220001220703,53.5811996459961,92.3509979248047,157204266.0,306771529.0,33.5363992251367
2009-01-01,YR2009,United Kingdom,GBR,female,1.44200003147125,19.6110000610352,79.2779998779297,1.59500002861023,55.4879989624023,88.4851989746094,80.1092987060547,69.0730972290039,91.4189987182617,31825552.0,62276270.0,257.414417393461
2009-01-01,YR2009,European Union,EUU,female,2.42520087512662,25.9500364783172,68.9409987141767,5.74219221095814,49.9665344250282,80.5501789094939,73.2389571399277,50.2994198217825,87.5738902498587,243012725.0,503317964.0,118.712666635219
2009-01-01,YR2009,Europe & Central Asia,ECS,female,1.96169626769495,26.1763091577028,63.5942688614011,10.5457240314028,49.9082977181392,80.5201947790953,73.1080976731104,51.6546087754293,84.6204915571974,422621540.0,885591814.0,32.2710280523679
2009-01-01,YR2009,Canada,CAN,female,2.76799988746643,19.9409999847412,77.6849975585938,3.30699992179871,61.875,80.4514999389648,74.2267990112305,56.4495010375977,88.0859985351563,18709052.0,33628571.0,3.69808478794217
2009-01-01,YR2009,Colombia,COL,female,2.73300004005432,19.826000213623,61.5559997558594,26.7779998779297,55.1259994506836,81.25,84.0400009155273,67.379997253418,48.7760009765625,22718441.0,45416181.0,40.9339170797657
2009-01-01,YR2009,Mexico,MEX,female,2.21600008010864,24.4090003967285,62.0419998168945,19.1580009460449,43.3330001831055,89.0522003173828,78.8200988769531,78.6628036499023,64.8600006103516,49561825.0,115505228.0,59.4177977828648
2009-01-01,YR2009,Latin America & Caribbean,LCN,female,2.76679800532544,21.6111570731876,61.0773405220629,21.974528476758,51.8596867724997,88.412361818484,83.7780304524261,74.4156173055521,64.7612550162497,276093416.0,589349327.0,29.4060306825773
2009-01-01,YR2009,North America,NAC,female,2.16494950260283,18.9974230679529,79.3766566228966,2.33479265492228,58.5264858589235,81.6150413733215,69.3172144370905,53.8913388685998,91.8851274203012,175913317.0,340465736.0,18.6648818210425
2009-01-01,YR2009,East Asia & Pacific,EAS,female,1.38409214929706,26.6243020825983,43.7716390703679,27.9342067827197,60.9234856036943,0.0,0.0,0.0,55.3910334533347,1212857811.0,2192352319.0,89.899173858077
2009-01-01,YR2009,South Asia,SAS,female,0.426618158083101,20.3373508823989,27.9754091661179,45.9495147759439,30.051063474667,0.0,0.0,0.0,13.814201223908,614979095.0,1607663899.0,336.925066702266
2009-01-01,YR2009,Europe & Central Asia (excluding high income),ECA,female,1.27708354759153,27.042421963795,54.8048740315376,17.9812698337377,49.169644587883,0.0,0.0,0.0,79.7598186400971,185170292.0,397043992.0,17.5503493127103
2009-01-01,YR2009,East Asia & Pacific (excluding high income),EAP,female,1.35004332693336,26.7093316991669,40.8643219976151,30.6036779835899,62.368557130951,0.0,0.0,0.0,52.3176193042934,1088858707.0,1952308448.0,122.680826690376
2010-01-01,YR2010,United States,USA,female,2.22399997711182,18.4740009307861,79.9059982299805,2.30900001525879,57.5,81.1135025024414,67.7315979003906,53.6954002380371,92.2850036621094,157015059.0,309338421.0,33.8170129938278
2010-01-01,YR2010,United Kingdom,GBR,female,1.47200000286102,19.2099990844727,79.5739974975586,1.74600005149841,55.4550018310547,88.3005981445313,79.3910980224609,67.7141036987305,90.931999206543,32010415.0,62766365.0,259.440189310958
2010-01-01,YR2010,European Union,EUU,female,2.42321642310366,25.2293265954057,69.586007640081,5.89666051717896,50.1135923328356,80.1672844919975,72.7724662968013,49.6364270007119,87.3840196462904,243665939.0,504421126.0,118.935156646414
2010-01-01,YR2010,Europe & Central Asia,ECS,female,1.95888368215206,25.8333643818434,63.9373391872037,10.5786993785065,50.0057800441064,78.937284114077,75.4402214765103,47.4972825689897,84.4748267078966,424917162.0,889016507.0,32.3941502352304
2010-01-01,YR2010,Canada,CAN,female,2.70300006866455,19.7880001068115,77.8980026245117,3.20900011062622,61.8580017089844,80.0977020263672,73.5827026367188,54.7997016906738,88.4229965209961,18913515.0,34005274.0,3.73951026611287
2010-01-01,YR2010,Colombia,COL,female,2.92400002479553,19.5499992370605,62.1240005493164,26.3360004425049,56.1969985961914,81.5411987304688,84.9580993652344,80.1345977783203,48.2480010986328,23318223.0,45918097.0,41.3862974312754
2010-01-01,YR2010,Mexico,MEX,female,2.25500011444092,24.1280002593994,62.0139999389648,19.4379997253418,43.173999786377,88.095703125,79.0854034423828,78.4317016601563,65.6549987792969,50543153.0,117318941.0,60.3508017181512
2010-01-01,YR2010,Latin America & Caribbean,LCN,female,2.63406223369162,21.5003026814596,61.5715189418097,21.4841641813131,51.308434340813,0.0,0.0,0.0,65.5274825140617,279068892.0,596478519.0,29.7617471126972
2010-01-01,YR2010,North America,NAC,female,2.27715048699545,18.6174492848267,79.6867867800947,2.40583427482932,57.9470474813643,81.0022680737362,68.3723185024865,53.8163258962698,91.8564700306043,175928574.0,343408819.0,18.8262263869595
2010-01-01,YR2010,East Asia & Pacific,EAS,female,1.52054399042796,26.7001918790627,45.0374099893845,26.6693202821177,60.614602303118,0.0,0.0,0.0,56.5497280176457,1219151532.0,2207154641.0,90.5056272616031
2010-01-01,YR2010,South Asia,SAS,female,0.459541053380133,20.8816336726319,28.3086121152361,45.1814489173913,28.7899667111463,83.3250119844676,64.1996995654051,78.8474666159089,14.4217517503431,616290729.0,1630806784.0,341.775221064231
2010-01-01,YR2010,Europe & Central Asia (excluding high income),ECA,female,1.27570593485224,27.0464547275995,54.9517097878734,17.7980257802613,49.2605063334866,0.0,0.0,0.0,79.6357982368059,186900458.0,399053204.0,17.6391116677864
2010-01-01,YR2010,East Asia & Pacific (excluding high income),EAP,female,1.48689744022132,26.8213609610448,42.2307484204039,29.1941263895639,62.0117753385742,0.0,0.0,0.0,53.5284520924526,1094622416.0,1966231608.0,123.556052681966
2011-01-01,YR2011,United States,USA,female,2.14299988746643,18.5729999542236,79.7809982299805,2.32500004768372,56.9290008544922,80.6526031494141,66.7553024291992,52.3648986816406,92.4359970092773,157131234.0,311644280.0,34.0690905195126
2011-01-01,YR2011,United Kingdom,GBR,female,1.35399997234344,19.1770000457764,79.6029968261719,1.70899999141693,55.5190010070801,88.9904022216797,79.7890014648438,70.3929977416992,90.6999969482422,32192066.0,63258918.0,261.47612119208
2011-01-01,YR2011,European Union,EUU,female,2.40224684771979,25.0627010442622,69.9365841930048,5.72636681912371,50.2544950449525,80.3361034336242,72.4341796001919,50.5841997987657,87.5600648217058,243150426.0,504015371.0,118.843520631926
2011-01-01,YR2011,Europe & Central Asia,ECS,female,1.96184549929976,25.7473175824442,64.0966997585987,10.4789128274617,50.2411766604375,79.2226468702708,75.3165962836315,48.4590103108512,84.4203637547753,426741184.0,891098854.0,32.4701833622144
2011-01-01,YR2011,Canada,CAN,female,2.78999996185303,19.8759994506836,77.8769989013672,3.10999989509583,61.601001739502,79.408203125,73.5462036132813,54.7200012207031,88.4810028076172,19059145.0,34342780.0,3.77662530749952
2011-01-01,YR2011,Colombia,COL,female,3.05599999427795,20.8840007781982,61.1889991760254,25.4759998321533,57.2799987792969,82.8563995361328,85.8729019165039,80.1536026000977,46.5690002441406,23993408.0,46406646.0,41.8266300135196
2011-01-01,YR2011,Mexico,MEX,female,2.46399998664856,24.5659999847412,62.0330009460449,18.9449996948242,43.5009994506836,87.5824966430664,79.1116027832031,78.1968002319336,65.3130035400391,51691471.0,119090017.0,61.2618724761439
2011-01-01,YR2011,Latin America & Caribbean,LCN,female,2.6620618274575,21.5086444800611,61.8795992242323,21.1089187950051,51.1104018874264,87.4160695057274,83.038335134827,75.5732130244859,65.6445577365524,282891952.0,603537118.0,30.1133056830856
2011-01-01,YR2011,North America,NAC,female,2.21532062801438,18.7159339282314,79.5721369132369,2.40969488688958,57.4089315796473,80.5154379491196,67.5038361023107,52.6244921444716,91.9939134286872,176190379.0,346051624.0,18.971109227684
2011-01-01,YR2011,East Asia & Pacific,EAS,female,1.6442237019656,26.6145943332482,46.4199329240954,25.411390005393,60.4974367921972,0.0,0.0,0.0,57.6271239384819,1228009129.0,2221934584.0,91.111548220675
2011-01-01,YR2011,South Asia,SAS,female,0.439625770818295,22.1532833686304,29.0109973346941,43.6276925618689,28.2079365605972,0.0,0.0,0.0,18.2423257090095,622587164.0,1653798614.0,346.593718177449
2011-01-01,YR2011,Europe & Central Asia (excluding high income),ECA,female,1.32842224786417,27.0187189579142,55.1632117031383,17.507819294473,49.5802374869028,76.6673793208589,80.5131699562864,42.5102549926005,79.428100151864,188869082.0,401241932.0,17.7357552279538
2011-01-01,YR2011,East Asia & Pacific (excluding high income),EAP,female,1.62268016723829,26.7675880984178,43.7145178044632,27.8000124778326,61.8854868415957,0.0,0.0,0.0,54.6833994057191,1103275124.0,1980303926.0,124.440108658502
2012-01-01,YR2012,United States,USA,female,2.15599989891052,18.5,79.9329986572266,2.18499994277954,56.7000007629395,80.252799987793,66.1960983276367,52.3723983764648,92.3259963989258,158429022.0,313993272.0,34.3258833638337
2012-01-01,YR2012,United Kingdom,GBR,female,1.43299996852875,19.0659999847412,79.7460021972656,1.62199997901917,55.7799987792969,87.7884979248047,78.9821014404297,68.0188980102539,90.2639999389648,32543044.0,63700300.0,263.30054147894
2012-01-01,YR2012,European Union,EUU,female,2.42001357155905,24.6801160369864,70.3510631869874,5.76504602796708,50.6399422655988,80.2568290945715,72.1824588623048,50.0367877122304,87.5779836712884,244771488.0,505117542.0,119.196913494741
2012-01-01,YR2012,Europe & Central Asia,ECS,female,1.92825192254423,25.5685995121453,64.4375281415546,10.3745461212506,50.4441189522254,79.1439819361364,75.0878256615807,48.227490939551,84.6096969645166,429202886.0,894679968.0,32.6046140843935
2012-01-01,YR2012,Canada,CAN,female,2.61500000953674,19.9220008850098,77.8860015869141,3.02500009536743,61.6139984130859,78.9197006225586,72.706901550293,54.1794013977051,88.4919967651367,19264216.0,34750545.0,3.82146662839762
2012-01-01,YR2012,Colombia,COL,female,3.12400007247925,20.5949993133545,61.9210014343262,24.7290000915527,58.4570007324219,84.0306015014648,86.1479034423828,80.1978988647461,47.3569984436035,24690404.0,46881475.0,42.2545966651645
2012-01-01,YR2012,Mexico,MEX,female,2.43199992179871,23.757999420166,62.7309989929199,18.9340000152588,44.5660018920898,88.201301574707,79.8908996582031,78.2331008911133,65.5650024414063,53380542.0,120828307.0,62.1560775740117
2012-01-01,YR2012,Latin America & Caribbean,LCN,female,2.73670054544547,21.7551179485389,63.2802201313816,19.666818240013,51.5225141137258,88.3514737123732,83.6100347414748,74.8019617064991,65.292807707285,288488768.0,610547919.0,30.4637367931355
2012-01-01,YR2012,North America,NAC,female,2.2074794918375,18.655327213431,79.7094022064896,2.27464485490589,57.2064498675377,80.1048217725437,66.9188179281811,52.5729813855087,91.895990532129,177693239.0,348808615.0,19.1222519294468
2012-01-01,YR2012,East Asia & Pacific,EAS,female,1.69700761385266,26.4836280247167,47.6404939012868,24.4146909666908,60.2928494278866,0.0,0.0,0.0,58.4570612394571,1234987880.0,2237082761.0,91.7327557584686
2012-01-01,YR2012,South Asia,SAS,female,0.430588791244197,23.0400404250289,29.767724255572,42.444498836423,27.6195228248298,82.881942111553,62.8838597335865,76.565136680202,18.7791743092797,629449956.0,1676615491.0,351.375549634848
2012-01-01,YR2012,Europe & Central Asia (excluding high income),ECA,female,1.23626393754585,27.0815483539427,55.486825392935,17.1719485672328,49.5538447815579,76.633212120071,80.4315474970228,42.9786196903347,79.8663351175091,189663681.0,403439691.0,17.8330112523894
2012-01-01,YR2012,East Asia & Pacific (excluding high income),EAP,female,1.68040752688216,26.5944163928068,45.0874393408125,26.6863438265036,61.6299552860367,0.0,0.0,0.0,55.5200550683022,1109620006.0,1994651365.0,125.342788554499
2013-01-01,YR2013,United States,USA,female,2.09299993515015,18.753999710083,79.7320022583008,2.14299988746643,56.2919998168945,79.548698425293,65.6336975097656,52.8042984008789,92.4100036621094,159007112.0,316234505.0,34.5708959466166
2013-01-01,YR2013,United Kingdom,GBR,female,1.44400000572205,18.8649997711182,80.0770034790039,1.4559999704361,56.1440010070801,87.7313995361328,78.7242965698242,68.061897277832,90.1419982910156,32852108.0,64128226.0,265.06934237176
2013-01-01,YR2013,European Union,EUU,female,2.43964958713471,24.2766123148956,70.8989343762575,5.68727712585249,50.802171593501,79.9965172240247,71.6228467284936,49.5971051835682,87.6809388750993,245585029.0,506621110.0,119.543034761128
2013-01-01,YR2013,Europe & Central Asia,ECS,female,1.94069714057936,25.3116305308985,64.8782018063956,10.1767321805349,50.617595128306,79.131143030717,74.6341482354802,47.7764472475851,84.6133414514151,431553879.0,898881448.0,32.7573348936482
2013-01-01,YR2013,Canada,CAN,female,2.64000010490417,19.7709999084473,78.0930023193359,2.94000005722046,61.6839981079102,78.9587020874023,71.6284027099609,53.7276992797852,88.181999206543,19504718.0,35152370.0,3.86565473617998
2013-01-01,YR2013,Colombia,COL,female,2.94300007820129,19.5370006561279,63.8310012817383,23.8390007019043,58.6310005187988,83.5234985351563,85.6129989624023,79.4720001220703,48.890998840332,25001105.0,47342981.0,42.6705552050473
2013-01-01,YR2013,Mexico,MEX,female,2.3199999332428,24.0209999084473,62.5209999084473,19.1200008392334,44.564998626709,88.0045013427734,79.5896987915039,77.8899002075195,66.302001953125,54293599.0,122535969.0,63.0345271226112
2013-01-01,YR2013,Latin America & Caribbean,LCN,female,2.77467924178432,21.56921485529,63.8526731313222,19.282603994777,51.4155842985269,87.8021788303829,83.0190517846649,73.8283898840332,65.7410563696342,292404785.0,617495658.0,30.8138263723936
2013-01-01,YR2013,North America,NAC,female,2.15466090648852,18.865451797903,79.5523858084434,2.22819512531655,56.849610927118,79.4824956762186,66.3063558614464,52.9079120553294,91.9333989442893,178511830.0,351451876.0,19.2671597688282
2013-01-01,YR2013,East Asia & Pacific,EAS,female,1.91634294267706,26.1060700417238,49.116619649744,23.4296506449069,60.1170657416537,0.0,0.0,0.0,59.0169728241146,1241357013.0,2252311022.0,92.3570191029982
2013-01-01,YR2013,South Asia,SAS,female,0.447311603251949,22.8249083294309,30.4699277749131,41.989319512411,27.866330010894,0.0,0.0,0.0,19.0879069977047,642882428.0,1699310450.0,356.131830210431
2013-01-01,YR2013,Europe & Central Asia (excluding high income),ECA,female,1.23905626645713,26.9784651118152,55.9019118736293,16.7389506136877,49.7279768597289,77.1883919656884,80.2138465799685,42.5985637240238,79.805993950342,191092070.0,405871230.0,17.9404665806724
2013-01-01,YR2013,East Asia & Pacific (excluding high income),EAP,female,1.92076981561829,26.181697537387,46.6945529519556,25.5986441971129,61.3556027220331,0.0,0.0,0.0,56.0533872780472,1114851227.0,2009173000.0,126.255875435581
2014-01-01,YR2014,United States,USA,female,2.10400009155273,18.9950008392334,79.443000793457,2.20000004768372,56.1100006103516,78.9281997680664,64.991096496582,52.6837005615234,92.5999984741211,159800262.0,318622525.0,34.8319553491586
2014-01-01,YR2014,United Kingdom,GBR,female,1.44599997997284,18.9650001525879,79.7809982299805,1.72800004482269,56.4249992370605,87.1171035766602,78.7880020141602,67.5149993896484,89.4619979858398,33143711.0,64613160.0,267.073781672385
2014-01-01,YR2014,European Union,EUU,female,2.38682590563589,24.1976547099567,71.0811494364124,5.61800784394165,50.930940271358,79.5863515487831,71.486879576727,48.3602529180219,87.7084127212282,246529762.0,508193872.0,119.915277725669
2014-01-01,YR2014,Europe & Central Asia,ECS,female,1.91983195181068,25.406467452855,65.4226508029221,9.64614257433838,50.6290478103044,79.143966353024,74.1269626779733,45.3621976854467,85.218128372927,433287761.0,903123160.0,32.913412066445
2014-01-01,YR2014,Canada,CAN,female,2.61999988555908,19.5809993743896,78.3580017089844,2.83699989318848,61.0870018005371,78.5109024047852,71.3265991210938,52.5722007751465,88.2799987792969,19601132.0,35535348.0,3.90777026692663
2014-01-01,YR2014,Colombia,COL,female,2.61500000953674,19.8229999542236,64.1029968261719,22.9680004119873,58.3580017089844,83.9088973999023,86.299201965332,79.2205963134766,49.8619995117188,25321884.0,47791911.0,43.0751789094187
2014-01-01,YR2014,Mexico,MEX,female,2.18099999427795,24.75,61.6259994506836,19.2759990692139,43.560001373291,87.5739974975586,79.4669036865234,77.5915985107422,67.265998840332,54835995.0,124221600.0,63.9016435607912
2014-01-01,YR2014,Latin America & Caribbean,LCN,female,2.74799460112163,21.828176147765,63.8738877348958,18.8665069080996,51.156069669538,87.6457904308716,83.0420556286458,74.318220624506,66.1685164698688,296185877.0,624335544.0,31.1554564075895
2014-01-01,YR2014,North America,NAC,female,2.16152144605431,19.0585765792073,79.3252878376593,2.26747888878172,56.625872441599,78.8815388156795,65.6995135926898,52.6712329864054,92.1184241851793,179401394.0,354223012.0,19.4190779223485
2014-01-01,YR2014,East Asia & Pacific,EAS,female,1.70894811227902,25.6934415846212,50.637969604287,22.3647037177007,60.0055098517098,0.0,0.0,0.0,59.6597602834885,1248264185.0,2267745366.0,92.9898502606323
2014-01-01,YR2014,South Asia,SAS,female,0.448713837895848,22.8672935023146,31.3663617886285,40.7431614890448,28.0709709531986,0.0,0.0,0.0,19.5020226965651,655332906.0,1721847786.0,360.855077053142
2014-01-01,YR2014,Europe & Central Asia (excluding high income),ECA,female,1.25214953404642,27.3427366266745,56.8092647088503,15.6584477700677,49.5837278652798,78.2302245502494,78.350074805919,39.2586515283184,81.1189288030808,191784264.0,408271623.0,18.0474949989095
2014-01-01,YR2014,East Asia & Pacific (excluding high income),EAP,female,1.69512633636664,25.7800479541436,48.3032488066473,24.4285694396281,61.1535595639205,0.0,0.0,0.0,56.7126027996556,1120401625.0,2023837097.0,127.177363233898
2015-01-01,YR2015,United States,USA,female,2.15000009536743,18.8509998321533,79.4860000610352,2.34100008010864,55.8320007324219,78.5987014770508,64.7049026489258,52.8846015930176,92.6559982299805,160838830.0,321039839.0,35.0962171847362
2015-01-01,YR2015,United Kingdom,GBR,female,1.35199999809265,18.6560001373291,80.2070007324219,1.56599998474121,56.5530014038086,87.4369964599609,78.706901550293,67.0876007080078,89.5469970703125,33408045.0,65128861.0,269.205394122267
2015-01-01,YR2015,European Union,EUU,female,2.41220341919393,24.0686966203649,71.4123684501037,5.4452808751497,50.9346093479696,79.6841721585642,71.2579745442506,47.9405374980962,87.9678922213203,247117125.0,509717579.0,120.274646898604
2015-01-01,YR2015,Europe & Central Asia,ECS,female,1.93109036869665,25.1743424196824,65.87701677292,9.46952283913244,50.7417732484016,79.3853769613869,73.915390980591,45.6174458275149,85.4270430515338,435703589.0,907426233.0,33.070230808523
2015-01-01,YR2015,Canada,CAN,female,2.71499991416931,19.431999206543,78.5559997558594,2.76799988746643,60.7719993591309,78.7171020507813,70.5084991455078,51.926700592041,88.0410003662109,19733477.0,35832513.0,3.94044906752178
2015-01-01,YR2015,Colombia,COL,female,2.52600002288818,19.6140003204346,64.3949966430664,22.7549991607666,58.9679985046387,83.6913986206055,87.0227966308594,78.8895034790039,50.6539993286133,25773738.0,48228697.0,43.4688571428571
2015-01-01,YR2015,Mexico,MEX,female,2.32100009918213,25.0580005645752,61.4119987487793,19.2199993133545,43.9029998779297,86.4746017456055,79.1004028320313,77.5525970458984,67.0930023193359,56018784.0,125890949.0,64.7603842691427
2015-01-01,YR2015,Latin America & Caribbean,LCN,female,2.78606346377597,21.7546617236747,64.0111256793042,18.8529316158128,51.3909797015857,87.2130365016382,83.1459058334757,73.7981588260037,65.7331317008672,301220481.0,631062657.0,31.4911513361172
2015-01-01,YR2015,North America,NAC,female,2.21249371409727,18.9135178651545,79.3859280259643,2.38585158994646,56.3439350419152,78.6119356731454,65.3535982731918,52.7775324354393,92.1455415761199,180572306.0,356937591.0,19.5678955297358
2015-01-01,YR2015,East Asia & Pacific,EAS,female,1.68865600221801,25.2922935776136,52.1851444507099,21.303501529479,59.5866343560341,0.0,0.0,0.0,60.3638321698389,1250894661.0,2283108073.0,93.6198041233442
2015-01-01,YR2015,South Asia,SAS,female,0.461626988378793,22.9570866992701,32.4566973476148,39.2617940014616,28.3507275948559,0.0,0.0,0.0,19.6833386206402,669033024.0,1744199944.0,365.539515342622
2015-01-01,YR2015,Europe & Central Asia (excluding high income),ECA,female,1.23533142726121,26.9842955763412,57.5258787765018,15.3980958678393,49.7764757408675,78.8038184787404,78.2067604245595,40.4896841367114,81.4543351669477,193380215.0,410770813.0,18.1579739724876
2015-01-01,YR2015,East Asia & Pacific (excluding high income),EAP,female,1.6703888135366,25.2917466424368,50.0330325549006,23.2676449632411,60.6218070315617,0.0,0.0,0.0,57.3938409890794,1122000873.0,2038410865.0,128.093174782846
2016-01-01,YR2016,United States,USA,female,2.15000009536743,18.7910003662109,79.5490036010742,2.31800007820129,55.9900016784668,78.3363037109375,64.8928985595703,52.8143005371094,92.754997253418,162776841.0,323405935.0,35.3548798459019
2016-01-01,YR2016,United Kingdom,GBR,female,1.40499997138977,18.4580001831055,80.4189987182617,1.55900001525879,56.773998260498,87.4442977905273,78.8884963989258,68.2353973388672,89.0950012207031,33693492.0,65595565.0,271.134481048237
2016-01-01,YR2016,European Union,EUU,female,2.43558550945746,24.0416834736931,71.6637632624616,5.26038970151702,51.1162277570657,79.728358124759,71.1243535286868,47.9512558202911,88.1337661070429,248380609.0,511218960.0,120.621346779881
2016-01-01,YR2016,Europe & Central Asia,ECS,female,1.99525471092526,25.0761930927283,66.2315388432291,9.26675714472331,50.9203618614679,79.5558095441009,73.7764244020832,45.6421920030959,85.5109026735469,438422120.0,911686319.0,33.2251584004133
2016-01-01,YR2016,Canada,CAN,female,2.62400007247925,19.5130004882813,78.5390014648438,2.68600010871887,60.806999206543,78.1118011474609,70.3230972290039,51.3189010620117,88.2300033569336,19926490.0,36264604.0,3.98796548307529
2016-01-01,YR2016,Colombia,COL,female,2.54999995231628,19.2789993286133,64.6340026855469,22.7900009155273,58.6230010986328,83.411003112793,86.5027008056641,77.9847030639648,50.6080017089844,26020330.0,48653419.0,43.8516620099144
2016-01-01,YR2016,Mexico,MEX,female,2.29399991035461,25.7049999237061,61.3660011291504,18.3659992218018,43.9690017700195,86.6574020385742,79.538200378418,76.7379989624023,67.427001953125,56990890.0,127540423.0,65.6089009490985
2016-01-01,YR2016,Latin America & Caribbean,LCN,female,2.81577626031929,21.3482156204736,64.4671244925217,18.7153568017729,51.4615448417737,87.2179804643973,82.9295579513684,68.7816381420019,65.3184447460962,305324102.0,637663890.0,31.8205646282873
2016-01-01,YR2016,North America,NAC,female,2.20228365668398,18.8681695023981,79.4410521063063,2.35625840835172,56.4903886476326,78.3112004658915,65.5000880977924,52.6470891748708,92.2558774068615,182703331.0,359735880.0,19.7213022545938
2016-01-01,YR2016,East Asia & Pacific,EAS,female,1.67009987772778,25.1019191029234,53.3960536812571,20.435278046453,59.5581897133666,0.0,0.0,0.0,60.6303193072932,1257025739.0,2298726779.0,94.2602561002502
2016-01-01,YR2016,South Asia,SAS,female,0.473881220096864,22.8069791396771,33.3170098539935,38.460842717203,28.6382899633635,0.0,0.0,0.0,20.0790925100131,683019429.0,1766393714.0,370.190759574874
2016-01-01,YR2016,Europe & Central Asia (excluding high income),ECA,female,1.34248542957048,26.8853595749647,58.0008295197115,15.1008328942516,49.8887764884098,79.1908225119359,78.03718722992,40.3587359620248,81.5318683826439,194518812.0,413234935.0,18.2668963568579
2016-01-01,YR2016,East Asia & Pacific (excluding high income),EAP,female,1.64463668094354,25.1093929858886,51.3273723706586,22.3141790727324,60.520619588511,0.0,0.0,0.0,57.6185329670763,1127073901.0,2053299126.0,129.028748984903
2000-01-01,YR2000,United States,USA,male,5.50699996948242,12.173999786377,86.8730010986328,0.953000009059906,74.2269973754883,79.309700012207,65.277099609375,40.0872001647949,86.2900009155273,146767599.0,282162411.0,30.7973013298523
2000-01-01,YR2000,United Kingdom,GBR,male,4.5,11.9530000686646,87.2730026245117,0.773999989032745,69.9380035400391,89.7380981445313,82.6612014770508,69.0785980224609,83.9410018920898,29295681.0,58892514.0,243.427908899268
2000-01-01,YR2000,European Union,EUU,male,6.90118622374967,16.7665260996448,75.8435102175281,7.38995444464815,65.9267149173644,80.5053249662684,69.6430596093734,43.6277173679696,79.046367672259,228526899.0,488178832.0,115.084593201228
2000-01-01,YR2000,Europe & Central Asia,ECS,male,5.61611625551071,17.4336056219333,67.8829323750181,14.6833265888568,67.5242571721901,0.0,0.0,0.0,77.6577628793482,397686380.0,862304086.0,31.4146098264201
2000-01-01,YR2000,Canada,CAN,male,7.50299978256226,11.1669998168945,86.9560012817383,1.87699997425079,72.1269989013672,78.5578994750977,70.0493011474609,51.7464981079102,80.6139984130859,16235249.0,30769700.0,3.38369892373792
2000-01-01,YR2000,Colombia,COL,male,5.59200000762939,16.2350006103516,78.4039993286133,5.3730001449585,80.4550018310547,0.0,0.0,0.0,47.923999786377,16763818.0,40403958.0,36.4163659305994
2000-01-01,YR2000,Mexico,MEX,male,5.57600021362305,22.1140003204346,71.1520004272461,6.73400020599365,82.5690002441406,0.0,0.0,0.0,63.4809989929199,40336388.0,101719673.0,52.32628051133
2000-01-01,YR2000,Latin America & Caribbean,LCN,male,5.12784470227038,13.5344517619337,73.5501123416195,12.9170857927863,79.6648862684551,0.0,0.0,0.0,60.479031239152,223198210.0,524829251.0,26.1854983791541
2000-01-01,YR2000,North America,NAC,male,5.69965560209539,12.075875371316,86.8810888291829,1.0430367109948,74.0128724774176,79.2349964334163,65.7512952450638,41.245740548242,85.7421482325487,163002848.0,312993944.0,17.1452048371229
2000-01-01,YR2000,East Asia & Pacific,EAS,male,3.03693862845086,25.7302150142378,29.8554114889974,44.4142788873329,82.0206861331827,0.0,0.0,0.0,47.1765501951025,1117548732.0,2047150745.0,83.9431403986083
2000-01-01,YR2000,South Asia,SAS,male,1.13901943442103,11.4296391268989,14.2462311345173,74.3244809723707,83.1586975594092,69.2059020996094,50.6783981323242,55.8460998535156,22.3078110246848,520225780.0,1386625845.0,290.49870423987
2000-01-01,YR2000,Europe & Central Asia (excluding high income),ECA,male,3.54597384598914,18.9007839327428,54.6218981179717,26.4770337093523,69.4011476314247,0.0,0.0,0.0,74.1944301447,177857206.0,392657969.0,17.3515496676427
2000-01-01,YR2000,East Asia & Pacific (excluding high income),EAP,male,2.83778437758417,26.3319533736268,25.1311057719402,48.5368365598857,83.0172948410378,0.0,0.0,0.0,43.5343152138447,999391535.0,1815956211.0,114.103724483128
2001-01-01,YR2001,United States,USA,male,5.42600011825562,11.3369998931885,87.7289962768555,0.935000002384186,73.6959991455078,78.8699035644531,64.7826995849609,40.1664009094238,86.447998046875,147741226.0,284968955.0,31.1036283879362
2001-01-01,YR2001,United Kingdom,GBR,male,4.47399997711182,11.3739995956421,87.9449996948242,0.680999994277954,69.1740036010742,89.8733978271484,81.6836013793945,68.6857986450195,83.7160034179688,29259367.0,59119673.0,244.366854048692
2001-01-01,YR2001,European Union,EUU,male,6.86457114110414,16.5712396304571,76.3164342638523,7.11228359222186,65.5529418223543,80.2068110008238,69.1016230534143,42.5509954202315,79.157464733288,228855148.0,489155665.0,115.329284103793
2001-01-01,YR2001,Europe & Central Asia,ECS,male,5.63771762678683,17.5539592274899,68.4637222734074,13.9820879965134,66.9133591703282,0.0,0.0,0.0,77.8484957588633,397276632.0,863615632.0,31.4640322270965
2001-01-01,YR2001,Canada,CAN,male,7.30399990081787,11.0729999542236,87.3710021972656,1.55599999427795,72.015998840332,78.4503021240234,69.7054977416992,51.0894012451172,81.2229995727539,16492176.0,31081900.0,3.41803110130192
2001-01-01,YR2001,Colombia,COL,male,5.63700008392334,16.9409999847412,77.1890029907227,5.87900018692017,80.7109985351563,0.0,0.0,0.0,47.9790000915527,17406537.0,40988909.0,36.9435863001352
2001-01-01,YR2001,Mexico,MEX,male,5.8769998550415,21.8889999389648,72.2239990234375,5.88800001144409,82.0640029907227,0.0,0.0,0.0,62.9949989318848,40703848.0,103067068.0,53.0194027624167
2001-01-01,YR2001,Latin America & Caribbean,LCN,male,5.92262994638224,13.2917712476199,73.9314038829097,12.7779897328579,79.483418151934,0.0,0.0,0.0,58.6385094695165,228655461.0,532172709.0,26.5518882234511
2001-01-01,YR2001,North America,NAC,male,5.60900161154162,11.3109239029506,87.6936362303297,0.996337856437554,73.5244253345053,78.8279299888313,65.2751369810073,41.259050591792,85.938848614559,164233402.0,316113359.0,17.3160803769608
2001-01-01,YR2001,East Asia & Pacific,EAS,male,3.04202829175499,25.4967747021274,31.2121629745603,43.2911397634524,81.5993734503947,0.0,0.0,0.0,47.8421383528295,1129896288.0,2065521836.0,84.6953672087001
2001-01-01,YR2001,South Asia,SAS,male,0.954227978832284,11.5094023886918,14.4150336983056,74.0758517556269,83.1853107977027,0.0,0.0,0.0,18.877873579949,534743002.0,1412104373.0,295.836466691527
2001-01-01,YR2001,Europe & Central Asia (excluding high income),ECA,male,3.66444342737403,19.4810861007837,55.3161447682139,25.2022484449618,68.4367904304659,0.0,0.0,0.0,74.4883802177363,176762930.0,392446165.0,17.3428805619564
2001-01-01,YR2001,East Asia & Pacific (excluding high income),EAP,male,2.83970649043732,26.1461874562833,26.5220239875064,47.3318747628438,82.6038011724123,0.0,0.0,0.0,44.3409442426695,1011022039.0,1833033752.0,115.176598918647
2002-01-01,YR2002,United States,USA,male,5.44199991226196,10.4469995498657,88.6230010986328,0.930000007152557,73.1900024414063,78.4900970458984,64.3125991821289,40.5568008422852,86.5019989013672,148568133.0,287625193.0,31.3935499327652
2002-01-01,YR2002,United Kingdom,GBR,male,4.29400014877319,10.8059997558594,88.5029983520508,0.690999984741211,69.0739974975586,89.7585983276367,81.9382019042969,68.2846984863281,83.4909973144531,29588702.0,59370479.0,245.40354234696
2002-01-01,YR2002,European Union,EUU,male,6.80036038284294,16.2124704375741,77.5034559640286,6.28418848778234,65.2683067476273,80.1940899862287,69.0835737991525,41.6089691738411,79.539383178699,229848485.0,490390251.0,115.652813680887
2002-01-01,YR2002,Europe & Central Asia,ECS,male,5.62884549433987,17.3085142457602,69.4178378888348,13.2734485476275,66.6060088144351,0.0,0.0,0.0,78.011170457886,399949606.0,865196877.0,31.5224420595421
2002-01-01,YR2002,Canada,CAN,male,7.03900003433228,11.2659997940063,87.1800003051758,1.55400002002716,72.7399978637695,78.6046981811523,70.8296966552734,52.1077995300293,81.5650024414063,16944708.0,31362000.0,3.44883328879608
2002-01-01,YR2002,Colombia,COL,male,5.61999988555908,16.8910007476807,76.927001953125,6.18800020217896,80.9710006713867,0.0,0.0,0.0,48.0359992980957,18049380.0,41572491.0,37.4695727805318
2002-01-01,YR2002,Mexico,MEX,male,5.69000005722046,20.5149993896484,73.4499969482422,6.03700017929077,81.6330032348633,0.0,0.0,0.0,62.8540000915527,41578562.0,104355608.0,53.6822490290388
2002-01-01,YR2002,Latin America & Caribbean,LCN,male,5.78293115154673,13.9781230221104,73.0371443203765,12.9860866992596,79.4039760068494,0.0,0.0,0.0,58.3438766957946,234722105.0,539372044.0,26.9124434659707
2002-01-01,YR2002,North America,NAC,male,5.60097071246368,10.5303053326277,88.4762242063362,0.993471062122223,73.1439901320387,78.5017501235172,64.9752823443482,41.7313501518096,86.0105535551918,165512841.0,319050105.0,17.4769496611428
2002-01-01,YR2002,East Asia & Pacific,EAS,male,3.08999977779046,25.0816660474706,32.471847658729,42.4470883985135,81.0877829774178,0.0,0.0,0.0,48.481034724884,1141835723.0,2082953527.0,85.411840851498
2002-01-01,YR2002,South Asia,SAS,male,0.921749468186874,12.3247993962813,15.0974161078859,72.5778358670402,83.2224570898071,0.0,0.0,0.0,19.1441760622937,549881583.0,1437568227.0,301.171154933945
2002-01-01,YR2002,Europe & Central Asia (excluding high income),ECA,male,3.78241684489213,19.5759940151451,56.5351031656206,23.8883230130137,67.8024666286314,0.0,0.0,0.0,74.8332351730807,177158787.0,392134307.0,17.329999644238
2002-01-01,YR2002,East Asia & Pacific (excluding high income),EAP,male,2.89556127108176,25.7632335807403,27.8347647951998,46.4026687601052,82.0625902092995,0.0,0.0,0.0,45.1043856091012,1022540762.0,1849372898.0,116.207200890321
2003-01-01,YR2003,United States,USA,male,5.39499998092651,10.1770000457764,88.9150009155273,0.907999992370605,72.5059967041016,78.0868988037109,63.7472991943359,40.88330078125,86.2399978637695,149183847.0,290107933.0,31.6645346171981
2003-01-01,YR2003,United Kingdom,GBR,male,4.18599987030029,10.2349996566772,89.181999206543,0.583000004291534,69.3379974365234,89.7998962402344,81.786003112793,68.3367004394531,82.931999206543,29868748.0,59647577.0,246.548906708552
2003-01-01,YR2003,European Union,EUU,male,6.92300020946459,15.6027514248235,78.3987719097602,5.99860179174779,65.2105253288942,80.1939340881452,68.7986047792584,41.7482412134743,79.318392888868,231914512.0,492200117.0,116.067057832838
2003-01-01,YR2003,Europe & Central Asia,ECS,male,5.72271181073782,16.9224820038963,70.3612111400286,12.7162648258574,66.3774826652324,0.0,0.0,0.0,77.9012791787993,402243420.0,867457664.0,31.6042089898343
2003-01-01,YR2003,Canada,CAN,male,7.08099985122681,11.1079998016357,87.3850021362305,1.50699996948242,73.1729965209961,78.9894027709961,70.5222015380859,52.8092002868652,81.0699996948242,17361674.0,31676000.0,3.48336340972848
2003-01-01,YR2003,Colombia,COL,male,5.51300001144409,16.6480007171631,75.9879989624023,7.36899995803833,81.2269973754883,0.0,0.0,0.0,48.3889999389648,18695610.0,42152151.0,37.9920243352862
2003-01-01,YR2003,Mexico,MEX,male,5.33199977874756,19.5030002593994,75.3919982910156,5.10599994659424,81.0469970703125,0.0,0.0,0.0,63.2400016784668,41975188.0,105640453.0,54.3431945266082
2003-01-01,YR2003,Latin America & Caribbean,LCN,male,5.61544691147307,13.868866834348,73.4187090299928,12.7137290036674,79.2505210487644,0.0,0.0,0.0,59.0421837789795,239922630.0,546478662.0,27.2670208287857
2003-01-01,YR2003,North America,NAC,male,5.56647667558599,10.2736458356431,88.7561738700962,0.9701813469346,72.5743715494988,78.1801785425397,64.4475300455277,42.1159211701989,85.7141768284165,166545521.0,321847258.0,17.6301723099037
2003-01-01,YR2003,East Asia & Pacific,EAS,male,3.23606878390187,25.7525298793228,33.2427121321277,41.0047965494631,80.5340433247472,0.0,0.0,0.0,49.3967179532992,1153614184.0,2099545576.0,86.0938190994772
2003-01-01,YR2003,South Asia,SAS,male,0.94273007496725,12.8299069831454,15.6135815924021,71.5556194206933,83.3013394833731,0.0,0.0,0.0,19.526862739603,565895867.0,1462906674.0,306.479570356528
2003-01-01,YR2003,Europe & Central Asia (excluding high income),ECA,male,3.82203074318043,19.4683431745938,57.4767461542026,23.0546444156937,67.2761936894719,0.0,0.0,0.0,74.8765927622263,176995162.0,392280391.0,17.3363683438088
2003-01-01,YR2003,East Asia & Pacific (excluding high income),EAP,male,3.05707769545192,26.5416284057378,28.6501186924834,44.8082580877013,81.489632697935,0.0,0.0,0.0,46.1543066180665,1034092261.0,1865072190.0,117.197220149322
2004-01-01,YR2004,United States,USA,male,5.31300020217896,9.95199966430664,89.1959991455078,0.851999998092651,72.2539978027344,77.8702011108398,63.1828002929688,41.271800994873,86.2799987792969,150258666.0,292805298.0,31.9589450682826
2004-01-01,YR2004,United Kingdom,GBR,male,4.23000001907349,9.5290002822876,89.8759994506836,0.595000028610229,68.9779968261719,89.6371002197266,80.9293975830078,67.7286987304688,82.3960037231445,30142943.0,59987905.0,247.955627660894
2004-01-01,YR2004,European Union,EUU,male,6.34430128021115,15.2898675075548,79.2690255247355,5.44130453284365,65.0668795584493,80.2047488760667,68.5646951144989,41.1700721554704,79.2934469288323,233659097.0,494162543.0,116.535593804704
2004-01-01,YR2004,Europe & Central Asia,ECS,male,5.66268844473168,16.73629191829,71.5040983343701,11.7597183930406,66.3726377640741,0.0,0.0,0.0,77.7696174164435,405035593.0,870030756.0,31.6978982303908
2004-01-01,YR2004,Canada,CAN,male,7.28900003433228,11.0860004425049,87.4380035400391,1.47599995136261,72.9359970092773,78.6147994995117,70.7306976318359,51.7916984558105,80.9010009765625,17583893.0,31995000.0,3.51844337335088
2004-01-01,YR2004,Colombia,COL,male,6.42700004577637,16.9930000305176,75.9309997558594,7.07999992370605,81.4670028686523,0.0,0.0,0.0,47.0629997253418,19352639.0,42724163.0,38.5075826949076
2004-01-01,YR2004,Mexico,MEX,male,5.63399982452393,19.2240009307861,75.3669967651367,5.41099977493286,81.4560012817383,0.0,0.0,0.0,63.6129989624023,43720881.0,106995583.0,55.0402957895008
2004-01-01,YR2004,Latin America & Caribbean,LCN,male,5.71281009613757,13.7772893131172,73.5831573605142,12.6410494706418,79.5459346934333,0.0,0.0,0.0,59.4033400898865,247505846.0,553563090.0,27.6204906492617
2004-01-01,YR2004,North America,NAC,male,5.5140414545494,10.070763671518,89.0118841018681,0.917351571367405,72.324031333209,77.9473098416369,63.9644415009562,42.3612150382952,85.7327312961913,167842559.0,324864038.0,17.7954257023097
2004-01-01,YR2004,East Asia & Pacific,EAS,male,3.50581667363501,25.271095697933,34.9847981258591,39.7440871847306,80.0359197445898,0.0,0.0,0.0,50.9878733692438,1164961252.0,2115557365.0,86.7507431688103
2004-01-01,YR2004,South Asia,SAS,male,1.03965776650002,13.5127767736344,15.6233876398513,70.8638984340116,83.3841092424066,0.0,0.0,0.0,20.0184883636209,582158681.0,1487975237.0,311.841396879899
2004-01-01,YR2004,Europe & Central Asia (excluding high income),ECA,male,4.51447696166298,19.6003582630304,59.0647960210342,21.3348408264602,67.479593073069,0.0,0.0,0.0,74.8364017443765,177997713.0,392625999.0,17.3514120334371
2004-01-01,YR2004,East Asia & Pacific (excluding high income),EAP,male,3.34829870737901,26.0780097649142,30.4534414607491,43.4685498119979,80.9590445999298,0.0,0.0,0.0,47.9346367931151,1044896178.0,1880346879.0,118.157941992954
2005-01-01,YR2005,United States,USA,male,5.21000003814697,9.67800045013428,89.4860000610352,0.836000025272369,72.1959991455078,77.8961029052734,63.1451988220215,41.3116989135742,86.4400024414063,152118122.0,295516599.0,32.2548765979183
2005-01-01,YR2005,United Kingdom,GBR,male,4.14099979400635,9.38199996948242,89.8899993896484,0.727999985218048,69.2279968261719,89.8993988037109,81.0515975952148,67.8774032592773,82.5130004882813,30589897.0,60401206.0,249.663977183483
2005-01-01,YR2005,European Union,EUU,male,6.24953089885497,14.7931013792993,79.9461142403209,5.2608851012851,65.2489434961767,79.9315707657549,68.6294264852644,41.2182988162867,79.5411730081254,236323351.0,496115006.0,117.004034052545
2005-01-01,YR2005,Europe & Central Asia,ECS,male,5.58818942563031,16.2769122957509,72.2969886156419,11.4261008731206,66.5819641771366,0.0,0.0,0.0,77.8622986754213,409344298.0,872661616.0,31.7938342751734
2005-01-01,YR2005,Canada,CAN,male,7.42600011825562,10.5659999847412,87.8789978027344,1.55400002002716,72.5830001831055,78.1859970092773,69.8674011230469,50.7601013183594,80.7460021972656,17734768.0,32312000.0,3.55330339989729
2005-01-01,YR2005,Colombia,COL,male,6.58699989318848,16.746000289917,76.2649993896484,6.99100017547607,81.6859970092773,0.0,0.0,0.0,50.8610000610352,20023285.0,43285634.0,39.0136403785489
2005-01-01,YR2005,Mexico,MEX,male,6.25099992752075,18.7450008392334,76.6019973754883,4.65399980545044,81.4550018310547,82.9421997070313,62.671501159668,58.0467987060547,64.2689971923828,44833048.0,108472228.0,55.7999063761928
2005-01-01,YR2005,Latin America & Caribbean,LCN,male,5.91114892401843,13.8392221929117,73.6446620141609,12.5165117314428,79.5762947691628,83.1354779833506,71.7151891608168,62.2297029278381,60.6280251901968,253654658.0,560673962.0,27.9752516447587
2005-01-01,YR2005,North America,NAC,male,5.43471133201214,9.7706634988854,89.3183088373343,0.910923565121658,72.2357888041641,77.9260517420907,63.8396666879962,42.2878093549276,85.8626079847839,169852890.0,327892753.0,17.9613328710064
2005-01-01,YR2005,East Asia & Pacific,EAS,male,3.71078922355245,25.2046342800536,36.6826804171042,38.1126925460531,79.6096679167451,0.0,0.0,0.0,52.3573862026217,1176127253.0,2131363078.0,87.3989837397841
2005-01-01,YR2005,South Asia,SAS,male,1.0987974432325,13.6174254208045,15.9490213697967,70.43361122891,83.511541242631,68.2606964111328,53.5284004211426,57.3904991149902,20.669967563214,599035788.0,1512670560.0,317.016902378396
2005-01-01,YR2005,Europe & Central Asia (excluding high income),ECA,male,4.48659132609261,19.1356308050117,60.0702232302759,20.7940106690513,67.6463775691147,0.0,0.0,0.0,74.7196364164243,179248413.0,393027492.0,17.369095434382
2005-01-01,YR2005,East Asia & Pacific (excluding high income),EAP,male,3.58564586523284,26.1107536732918,32.1848309392767,41.7044237993077,80.4897441398114,0.0,0.0,0.0,49.4468484899124,1055259204.0,1895491197.0,119.110040644142
2006-01-01,YR2006,United States,USA,male,5.125,9.53600025177002,89.6439971923828,0.819999992847443,72.3170013427734,77.7809982299805,63.0829010009766,42.1100006103516,86.6549987792969,153992258.0,298379912.0,32.5673998463204
2006-01-01,YR2006,United Kingdom,GBR,male,4.13899993896484,9.42099952697754,89.911003112793,0.667999982833862,69.4530029296875,89.9738998413086,81.4089965820313,67.6729965209961,82.3430023193359,31037309.0,60846820.0,251.50589013351
2006-01-01,YR2006,European Union,EUU,male,6.28434047360644,14.6009509516461,80.4360079817633,4.96332759253007,65.2526431778651,79.9036548239929,68.7665915156506,41.2822756734739,79.7199226193836,238403539.0,497973712.0,117.460675604371
2006-01-01,YR2006,Europe & Central Asia,ECS,male,5.68181385558017,16.1434767718765,72.9799200942904,10.8767670997407,66.4913552777914,0.0,0.0,0.0,78.2339033143514,412276399.0,875343235.0,31.8965125712075
2006-01-01,YR2006,Canada,CAN,male,7.11499977111816,10.2659997940063,88.1849975585938,1.54999995231628,72.1149978637695,77.8082962036133,69.2270965576172,51.1525001525879,81.2720031738281,17912036.0,32570505.0,3.58173081681331
2006-01-01,YR2006,Colombia,COL,male,3.54500007629395,16.2730007171631,77.6399993896484,6.08699989318848,81.890998840332,0.0,0.0,0.0,53.3390007019043,20681687.0,43835722.0,39.5094384858044
2006-01-01,YR2006,Mexico,MEX,male,6.48400020599365,18.2670001983643,77.2220001220703,4.51300001144409,81.7590026855469,83.7192001342773,64.2039031982422,58.7252006530762,65.427001953125,46406150.0,110092378.0,56.6333383060264
2006-01-01,YR2006,Latin America & Caribbean,LCN,male,5.85006511875208,13.5958198048785,74.5590788598861,11.8459309201991,79.7158389426009,83.3414930249245,71.5441243301098,61.7340309354215,61.639240986574,260730560.0,567821716.0,28.3319083763362
2006-01-01,YR2006,North America,NAC,male,5.32555828915483,9.6123530029433,89.4913962254571,0.896352787660272,72.2962185422985,77.7837996978753,63.7134520749442,43.0379915483265,86.1124839484765,171904294.0,331014940.0,18.1323602556602
2006-01-01,YR2006,East Asia & Pacific,EAS,male,3.87618385187921,25.0591937201408,38.833885468605,36.1069568170691,79.2208388277275,0.0,0.0,0.0,53.5473189488758,1185885659.0,2147029631.0,88.0408844825223
2006-01-01,YR2006,South Asia,SAS,male,1.18882009582455,14.2525878993448,16.2425136890273,69.5041608755876,83.137787408967,0.0,0.0,0.0,21.4981728513591,603940248.0,1536943534.0,322.103894372867
2006-01-01,YR2006,Europe & Central Asia (excluding high income),ECA,male,4.63905864057295,19.1206553865059,60.9763065713013,19.9030470747054,67.523539129636,0.0,0.0,0.0,75.4141186145144,180252684.0,393571334.0,17.3959224629894
2006-01-01,YR2006,East Asia & Pacific (excluding high income),EAP,male,3.77732773069509,25.9844087796068,34.4912207110825,39.5243736811367,80.0690423945419,0.0,0.0,0.0,50.707756776968,1064090032.0,1910175419.0,120.031950136344
2007-01-01,YR2007,United States,USA,male,5.07100009918213,9.50800037384033,89.7600021362305,0.73199999332428,72.0260009765625,77.7303009033203,62.5177001953125,42.5134010314941,86.927001953125,155294548.0,301231207.0,32.8786113609374
2007-01-01,YR2007,United Kingdom,GBR,male,4.03900003433228,9.43400001525879,89.8190002441406,0.746999979019165,69.3119964599609,89.6748962402344,81.2216033935547,67.6146011352539,82.1709976196289,31240900.0,61322463.0,253.471925763651
2007-01-01,YR2007,European Union,EUU,male,6.24392922146495,14.4992731395762,80.7600206027563,4.74092313973473,65.2811734487261,79.7899273965746,68.696564559673,41.2502084872958,79.9358519667189,240168822.0,499916647.0,117.92041615864
2007-01-01,YR2007,Europe & Central Asia,ECS,male,5.69541992685353,15.964562222999,73.6691167293169,10.3663282080746,66.6861558287903,79.4257739809231,67.0766276160902,41.9627054316758,78.5469825840166,416119683.0,878465990.0,32.0106416456315
2007-01-01,YR2007,Canada,CAN,male,7.08500003814697,9.99699974060059,88.5380020141602,1.46399998664856,72.3619995117188,77.7253036499023,69.4773025512695,51.2654991149902,80.8399963378906,18274723.0,32887928.0,3.61663736005129
2007-01-01,YR2007,Colombia,COL,male,5.42999982833862,15.8179998397827,78.1269989013672,6.05499982833862,82.0749969482422,0.0,0.0,0.0,53.7999992370605,21357162.0,44374572.0,39.995107706174
2007-01-01,YR2007,Mexico,MEX,male,6.60200023651123,17.7999992370605,78.0429992675781,4.15899991989136,81.5540008544922,83.3655014038086,64.3781967163086,58.632999420166,65.9899978637695,47576477.0,111836346.0,57.5304642609121
2007-01-01,YR2007,Latin America & Caribbean,LCN,male,5.71630381636687,13.6100363831396,75.3018708636637,11.088854792288,79.5053083167721,83.0324845853454,0.0,62.7200527607659,62.3768705248648,265568487.0,574994397.0,28.6897805866029
2007-01-01,YR2007,North America,NAC,male,5.2761418356751,9.55996287769861,89.6301488268518,0.809784454947151,72.0606229278871,77.7297838229059,63.2378305888284,43.4190061960713,86.3069925490565,173569271.0,334184023.0,18.3059565127841
2007-01-01,YR2007,East Asia & Pacific,EAS,male,3.98008134208712,24.6418464243043,40.8772546554495,34.4815608554514,78.9436174044629,0.0,0.0,0.0,54.7924249022055,1196091052.0,2162104019.0,88.6586925112228
2007-01-01,YR2007,South Asia,SAS,male,1.26042455202386,14.485869803746,16.4198424269767,69.0937201419417,82.6109098882253,0.0,0.0,0.0,22.3348894946848,607322931.0,1560818860.0,327.107549558563
2007-01-01,YR2007,Europe & Central Asia (excluding high income),ECA,male,4.74113024816464,18.830044002487,62.1735118380296,18.9961506644215,67.9680508166851,0.0,0.0,0.0,75.9054755122666,182100246.0,394257705.0,17.4265282313522
2007-01-01,YR2007,East Asia & Pacific (excluding high income),EAP,male,3.8965244764076,25.5195764399086,36.7226545865134,37.7585062252253,79.734723959418,0.0,0.0,0.0,52.0410002045193,1073093141.0,1924328623.0,120.920936377996
2008-01-01,YR2008,United States,USA,male,5.05900001525879,9.05900001525879,90.1679992675781,0.773000001907349,71.7969970703125,77.7251968383789,62.2411994934082,41.9920997619629,87.0609970092773,157089439.0,304093966.0,33.2436868537795
2008-01-01,YR2008,United Kingdom,GBR,male,4.06899976730347,9.40999984741211,89.8629989624023,0.726999998092651,69.5019989013672,85.2360992431641,76.6330032348633,57.8092994689941,82.161003112793,31647690.0,61806995.0,255.474703426611
2008-01-01,YR2008,European Union,EUU,male,6.23582217078829,13.987955050042,81.5687522065748,4.44341034159566,65.3837142733138,79.2484065089338,68.1083304987115,39.9061183003611,80.2691265827369,242270242.0,501808477.0,118.382159133319
2008-01-01,YR2008,Europe & Central Asia,ECS,male,5.64802434229763,15.4589336287069,74.5693229928386,9.97180291159937,66.9701883684404,78.9696960142158,66.6805311687962,41.0521318401906,78.9149400390686,420245392.0,881965815.0,32.1398555887927
2008-01-01,YR2008,Canada,CAN,male,7.16900014877319,9.5310001373291,89.1309967041016,1.33700001239777,72.5859985351563,77.635498046875,69.1401977539063,51.7645988464355,80.6620025634766,18573598.0,33245773.0,3.65598905153236
2008-01-01,YR2008,Colombia,COL,male,5.92899990081787,15.5290002822876,78.4100036621094,6.06099987030029,82.2409973144531,0.0,0.0,0.0,47.318000793457,22041055.0,44901544.0,40.4700712032447
2008-01-01,YR2008,Mexico,MEX,male,6.16200017929077,17.7329998016357,78.3980026245117,3.86999988555908,81.1100006103516,83.1641006469727,64.0192031860352,58.5046005249023,66.9820022583008,48488143.0,113661809.0,58.4695125903444
2008-01-01,YR2008,Latin America & Caribbean,LCN,male,5.95928664499751,13.6773160891674,75.7629908114961,10.560774576635,79.3676033124406,82.9165940005277,72.0965587852539,61.3071189797545,62.5105438499515,270641498.0,582179826.0,29.0483030043972
2008-01-01,YR2008,North America,NAC,male,5.2779787505686,9.10960955343019,90.0568081505294,0.833474096563051,71.8784541186895,77.7158451169287,62.9604679354478,43.0109506046379,86.3969005058036,175663037.0,337405012.0,18.4970879854043
2008-01-01,YR2008,East Asia & Pacific,EAS,male,4.1990138515891,24.1441022831833,42.5416858655174,33.3149517316469,78.6621637454915,0.0,0.0,0.0,55.6990895384199,1204998616.0,2177421759.0,89.2871557195245
2008-01-01,YR2008,South Asia,SAS,male,1.26568712783963,14.426459942442,16.7125626412682,68.8611894882467,82.0898653423895,0.0,0.0,0.0,22.3528018567447,610706303.0,1584359049.0,332.040968635736
2008-01-01,YR2008,Europe & Central Asia (excluding high income),ECA,male,4.61792207265639,18.310326768068,63.1746573780503,18.5150292496335,68.5417902600187,0.0,0.0,0.0,76.4064573159862,183793867.0,395304586.0,17.4734747508788
2008-01-01,YR2008,East Asia & Pacific (excluding high income),EAP,male,4.14761802330602,25.0473138282039,38.4545262468637,36.4989759704697,79.4584012050284,0.0,0.0,0.0,53.0282705552342,1081252938.0,1938363936.0,121.804494518658
2009-01-01,YR2009,United States,USA,male,5.14300012588501,8.14700031280518,91.0940017700195,0.75900000333786,70.7730026245117,77.3300018310547,61.2293014526367,41.9552001953125,86.8880004882813,157204266.0,306771529.0,33.5363992251367
2009-01-01,YR2009,United Kingdom,GBR,male,3.98300004005432,7.68400001525879,91.7630004882813,0.552999973297119,68.911003112793,85.0110015869141,75.4447021484375,57.6078987121582,81.9049987792969,31825552.0,62276270.0,257.414417393461
2009-01-01,YR2009,European Union,EUU,male,6.26472109625111,12.9260669698905,82.7393409347453,4.33462482263494,65.0362361202159,78.9913945533639,67.6805943439531,39.5625257395714,80.0309152543637,243012725.0,503317964.0,118.712666635219
2009-01-01,YR2009,Europe & Central Asia,ECS,male,5.05920425991406,14.4951519734866,75.6597147971067,9.84487190053959,66.7819536507777,78.6907281871766,66.1618730824041,40.6825598598854,79.2732884596883,422621540.0,885591814.0,32.2710280523679
2009-01-01,YR2009,Canada,CAN,male,7.2810001373291,8.86100006103516,89.7880020141602,1.35099995136261,71.7710037231445,77.7078018188477,67.8623962402344,49.062801361084,79.9970016479492,18709052.0,33628571.0,3.69808478794217
2009-01-01,YR2009,Colombia,COL,male,6.52600002288818,15.8620004653931,77.9739990234375,6.16400003433228,82.3939971923828,77.5999984741211,72.0500030517578,53.310001373291,46.2630004882813,22718441.0,45416181.0,40.9339170797657
2009-01-01,YR2009,Mexico,MEX,male,5.81099987030029,15.9910001754761,80.5540008544922,3.45600008964539,80.3619995117188,82.2954025268555,63.6449012756348,58.1711006164551,66.1679992675781,49561825.0,115505228.0,59.4177977828648
2009-01-01,YR2009,Latin America & Caribbean,LCN,male,6.030902676786,13.1769227599152,76.5575762576248,10.2660579019346,79.1862077198578,82.9398253780655,71.7967781586528,59.2205763769902,62.380558158237,276093416.0,589349327.0,29.4060306825773
2009-01-01,YR2009,North America,NAC,male,5.36878362219148,8.22499127893066,90.9513460016224,0.823664799098846,70.8763157488763,77.3696053979829,61.924627608935,42.7002673407931,86.1602765393169,175913317.0,340465736.0,18.6648818210425
2009-01-01,YR2009,East Asia & Pacific,EAS,male,4.23144239277232,23.6692357248552,44.5607204067317,31.7700111766362,78.4282426916745,0.0,0.0,0.0,56.5510354720153,1212857811.0,2192352319.0,89.899173858077
2009-01-01,YR2009,South Asia,SAS,male,1.31320912923462,14.5721050610551,17.1018679519349,68.3261335169642,81.6407294659848,0.0,0.0,0.0,22.9532993314188,614979095.0,1607663899.0,336.925066702266
2009-01-01,YR2009,Europe & Central Asia (excluding high income),ECA,male,3.25298843476814,17.3857270181428,64.2517641515866,18.3618489614361,68.5825426525976,0.0,0.0,0.0,77.5245337147587,185170292.0,397043992.0,17.5503493127103
2009-01-01,YR2009,East Asia & Pacific (excluding high income),EAP,male,4.17991215983057,24.6138615544942,40.6083368492942,34.7778137022126,79.2644987016329,0.0,0.0,0.0,54.0147005565711,1088858707.0,1952308448.0,122.680826690376
2010-01-01,YR2010,United States,USA,male,5.24200010299683,7.91599988937378,91.25,0.834999978542328,69.931999206543,76.510498046875,60.4466018676758,41.874698638916,86.8359985351563,157015059.0,309338421.0,33.8170129938278
2010-01-01,YR2010,United Kingdom,GBR,male,3.70300006866455,7.42399978637695,91.9710006713867,0.605000019073486,68.5579986572266,84.8647003173828,74.818000793457,56.1757011413574,81.5849990844727,32010415.0,62766365.0,259.440189310958
2010-01-01,YR2010,European Union,EUU,male,6.20037363125139,12.4414706620741,83.2400626197293,4.31886957182242,64.8417142942156,78.6424973796167,67.2323135545474,39.0100170720794,79.6439580727185,243665939.0,504421126.0,118.935156646414
2010-01-01,YR2010,Europe & Central Asia,ECS,male,4.96049901977231,14.2107646130958,75.9856429599072,9.80373888005597,66.7960232413908,76.5347772976148,68.2659603634665,37.9165063966248,79.1622895782847,424917162.0,889016507.0,32.3941502352304
2010-01-01,YR2010,Canada,CAN,male,7.1560001373291,8.51700019836426,90.1559982299805,1.32700002193451,71.4420013427734,77.1696014404297,67.5297012329102,48.1032981872559,80.2720031738281,18913515.0,34005274.0,3.73951026611287
2010-01-01,YR2010,Colombia,COL,male,6.34999990463257,15.5120000839233,78.0410003662109,6.44700002670288,82.4720001220703,78.0323028564453,72.8043975830078,63.2933006286621,46.310001373291,23318223.0,45918097.0,41.3862974312754
2010-01-01,YR2010,Mexico,MEX,male,5.88899993896484,15.6969995498657,80.4739990234375,3.8289999961853,80.125,81.2183990478516,63.1651992797852,57.9397010803223,67.1480026245117,50543153.0,117318941.0,60.3508017181512
2010-01-01,YR2010,Latin America & Caribbean,LCN,male,5.51768231382464,12.8046547881063,77.174383212122,10.0209927619965,78.7667355185175,0.0,0.0,0.0,62.7755931044357,279068892.0,596478519.0,29.7617471126972
2010-01-01,YR2010,North America,NAC,male,5.44793427688919,7.98268771141472,91.1286080568343,0.889592980986842,70.0887074293207,76.5802206058301,61.1958800809377,42.5335844881829,86.1297545759497,175928574.0,343408819.0,18.8262263869595
2010-01-01,YR2010,East Asia & Pacific,EAS,male,4.49170501594079,23.3468392557933,46.3203697668738,30.3328421076211,78.1097677004089,0.0,0.0,0.0,57.5811793551278,1219151532.0,2207154641.0,90.5056272616031
2010-01-01,YR2010,South Asia,SAS,male,1.37539319597258,14.7250593865116,17.6654597318131,67.6089288118976,80.883209430136,64.8824446788677,46.2025990667706,55.0718031124934,23.6929423600025,616290729.0,1630806784.0,341.775221064231
2010-01-01,YR2010,Europe & Central Asia (excluding high income),ECA,male,3.13404660393923,17.1672390844632,64.5825574083685,18.2500322560689,68.9912402483491,0.0,0.0,0.0,77.6587979627353,186900458.0,399053204.0,17.6391116677864
2010-01-01,YR2010,East Asia & Pacific (excluding high income),EAP,male,4.45082693648589,24.2762146767911,42.5072109172713,33.2165742038348,78.9397369389674,0.0,0.0,0.0,55.1501624221642,1094622416.0,1966231608.0,123.556052681966
2011-01-01,YR2011,United States,USA,male,5.17199993133545,8.20600032806396,90.9349975585938,0.859000027179718,69.3570022583008,76.0052032470703,59.6041984558105,40.9205017089844,87.2369995117188,157131234.0,311644280.0,34.0690905195126
2011-01-01,YR2011,United Kingdom,GBR,male,3.56500005722046,7.51399993896484,91.8290023803711,0.657000005245209,68.2919998168945,85.0252990722656,76.0417022705078,59.2999992370605,81.4469985961914,32192066.0,63258918.0,261.47612119208
2011-01-01,YR2011,European Union,EUU,male,6.03162085240549,12.4759044899998,83.4016560434782,4.12246954563006,64.532813378963,78.6853143287884,67.0272454794046,39.6321604202848,79.8210288736325,243150426.0,504015371.0,118.843520631926
2011-01-01,YR2011,Europe & Central Asia,ECS,male,4.79584962466098,14.1188593141625,76.1175262250991,9.76349771338447,66.8275261498628,76.691218030393,68.1580423119966,38.6653182223067,79.177903399032,426741184.0,891098854.0,32.4701833622144
2011-01-01,YR2011,Canada,CAN,male,6.75400018692017,8.86400032043457,89.8479995727539,1.28699994087219,71.2829971313477,76.6849975585938,66.9908981323242,47.6421012878418,80.9130020141602,19059145.0,34342780.0,3.77662530749952
2011-01-01,YR2011,Colombia,COL,male,6.63899993896484,16.0960006713867,76.9789962768555,6.92500019073486,82.9769973754883,78.9001998901367,73.7581024169922,63.5023994445801,46.3479995727539,23993408.0,46406646.0,41.8266300135196
2011-01-01,YR2011,Mexico,MEX,male,6.24499988555908,16.1590003967285,80.3170013427734,3.52500009536743,79.8440017700195,80.8443984985352,63.2545013427734,58.0550994873047,66.943000793457,51691471.0,119090017.0,61.2618724761439
2011-01-01,YR2011,Latin America & Caribbean,LCN,male,5.85835751481669,12.6256955180997,77.5633782288252,9.81144991151639,78.4304912226688,81.6508498209894,70.5934243877344,59.8088137987839,62.545301646237,282891952.0,603537118.0,30.1133056830856
2011-01-01,YR2011,North America,NAC,male,5.34268436867909,8.27955062367081,90.8134944824395,0.906841243800972,69.5569870503619,76.0775409255374,60.390225489392,41.6357546919492,86.5546937087818,176190379.0,346051624.0,18.971109227684
2011-01-01,YR2011,East Asia & Pacific,EAS,male,4.73223378480371,22.8011956558937,48.2141954797927,28.985252644385,77.9922313298022,0.0,0.0,0.0,58.6536908187456,1228009129.0,2221934584.0,91.111548220675
2011-01-01,YR2011,South Asia,SAS,male,1.99720772301376,16.3183996180901,19.0812616648551,64.6005125184354,80.413215890464,0.0,0.0,0.0,24.6127338882864,622587164.0,1653798614.0,346.593718177449
2011-01-01,YR2011,Europe & Central Asia (excluding high income),ECA,male,3.02811507626582,16.8618332130012,64.9397915292127,18.1981270786944,69.3705615331021,72.7715980261589,69.7049154905471,35.3580376080625,77.6280496199937,188869082.0,401241932.0,17.7357552279538
2011-01-01,YR2011,East Asia & Pacific (excluding high income),EAP,male,4.72095902694647,23.7151121881298,44.5450850867637,31.7404862389188,78.8461094795136,0.0,0.0,0.0,56.3161222891413,1103275124.0,1980303926.0,124.440108658502
2012-01-01,YR2012,United States,USA,male,5.14400005340576,8.23600006103516,90.9199981689453,0.845000028610229,69.3470001220703,75.5871963500977,58.8539009094238,40.8730010986328,87.4599990844727,158429022.0,313993272.0,34.3258833638337
2012-01-01,YR2012,United Kingdom,GBR,male,3.51399993896484,7.64699983596802,91.6669998168945,0.685999989509583,68.4860000610352,83.6755981445313,74.713996887207,56.6151008605957,80.9489974975586,32543044.0,63700300.0,263.30054147894
2012-01-01,YR2012,European Union,EUU,male,5.91244128522197,12.356604192799,83.6314534498859,4.01196770267209,64.5992142438032,78.5744469533811,66.7808185678564,39.1420540794711,79.7683114171502,244771488.0,505117542.0,119.196913494741
2012-01-01,YR2012,Europe & Central Asia,ECS,male,4.69477259074087,13.9934518472952,76.4739730713119,9.53241847575769,66.8790814217954,76.5764417158532,67.8746982665447,38.4667348049893,79.2659788119806,429202886.0,894679968.0,32.6046140843935
2012-01-01,YR2012,Canada,CAN,male,6.64499998092651,8.8100004196167,89.9189987182617,1.27100002765656,70.931999206543,76.4591979980469,66.3513031005859,46.4970016479492,81.088996887207,19264216.0,34750545.0,3.82146662839762
2012-01-01,YR2012,Colombia,COL,male,6.45499992370605,16.0149993896484,76.9140014648438,7.07100009918213,83.5800018310547,80.0429992675781,73.9616012573242,64.4276962280273,47.2000007629395,24690404.0,46881475.0,42.2545966651645
2012-01-01,YR2012,Mexico,MEX,male,5.88500022888184,15.4580001831055,80.5019989013672,4.04099988937378,80.1240005493164,80.8687973022461,64.1343994140625,58.5779991149902,67.9079971313477,53380542.0,120828307.0,62.1560775740117
2012-01-01,YR2012,Latin America & Caribbean,LCN,male,6.05804497893655,12.7496681227716,79.3043400805129,7.94639575725776,78.3108049676723,82.477114084871,71.397487585582,59.6369789751718,62.5263596079283,288488768.0,610547919.0,30.4637367931355
2012-01-01,YR2012,North America,NAC,male,5.30418693693156,8.30037761588891,90.8077301257611,0.892778462710991,69.5119517820862,75.6797999140893,59.6500991336049,41.4702505373034,86.7800850030632,177693239.0,348808615.0,19.1222519294468
2012-01-01,YR2012,East Asia & Pacific,EAS,male,4.78430406207897,22.3210246780062,49.9013607871693,27.7781203117637,77.8463883614446,0.0,0.0,0.0,59.6000262525848,1234987880.0,2237082761.0,91.7327557584686
2012-01-01,YR2012,South Asia,SAS,male,1.97323463368674,17.6786795872826,20.5433913011784,61.7780535986002,80.0209914137414,63.208584858705,43.7142543893924,51.5982939826234,25.1590622206736,629449956.0,1676615491.0,351.375549634848
2012-01-01,YR2012,Europe & Central Asia (excluding high income),ECA,male,2.97346711074595,16.7422057040546,65.5066221234647,17.7507879491048,69.453041467066,72.6301162946897,69.3942423833587,35.7619873358529,77.8871327590928,189663681.0,403439691.0,17.8330112523894
2012-01-01,YR2012,East Asia & Pacific (excluding high income),EAP,male,4.77030427536694,23.1918411118724,46.373954196264,30.434781595817,78.7078946160835,0.0,0.0,0.0,57.2142690420642,1109620006.0,1994651365.0,125.342788554499
2013-01-01,YR2013,United States,USA,male,5.08400011062622,8.25300025939941,90.9710006713867,0.776000022888184,68.9879989624023,74.9710006713867,58.1940994262695,40.7948989868164,87.7799987792969,159007112.0,316234505.0,34.5708959466166
2013-01-01,YR2013,United Kingdom,GBR,male,3.40499997138977,7.68100023269653,91.7180023193359,0.601000010967255,68.3960037231445,84.0663986206055,74.4399032592773,56.6384010314941,81.0830001831055,32852108.0,64128226.0,265.06934237176
2013-01-01,YR2013,European Union,EUU,male,5.90283022249236,12.2022550822736,84.0034304920454,3.79459566344009,64.4009177493558,78.4109974640487,66.2979657338288,38.7275982177447,79.9123983008649,245585029.0,506621110.0,119.543034761128
2013-01-01,YR2013,Europe & Central Asia,ECS,male,4.69291270282118,13.831650889054,76.801120792435,9.36749779860443,66.8733079901587,76.6028730928463,67.4625811636247,38.0609486500546,79.2312523763083,431553879.0,898881448.0,32.7573348936482
2013-01-01,YR2013,Canada,CAN,male,6.65299987792969,8.59799957275391,90.1549987792969,1.24699997901917,70.7839965820313,76.2564010620117,65.8914031982422,46.3073997497559,81.2160034179688,19504718.0,35152370.0,3.86565473617998
2013-01-01,YR2013,Colombia,COL,male,5.92000007629395,14.8360004425049,78.7170028686523,6.44700002670288,83.0279998779297,79.5030975341797,73.7248992919922,63.4133987426758,47.3470001220703,25001105.0,47342981.0,42.6705552050473
2013-01-01,YR2013,Mexico,MEX,male,5.81599998474121,15.9779996871948,80.4069976806641,3.6159999370575,79.681999206543,80.5921020507813,63.8742980957031,58.380298614502,67.5400009155273,54293599.0,122535969.0,63.0345271226112
2013-01-01,YR2013,Latin America & Caribbean,LCN,male,6.07864223953473,12.3610006504866,80.0575572083495,7.58191954927578,77.9830001227169,82.0557831362417,70.6880008251832,58.728565327396,62.3616995550439,292404785.0,617495658.0,30.8138263723936
2013-01-01,YR2013,North America,NAC,male,5.25171815314991,8.29189054490348,90.8790162953986,0.829093817737324,69.1753626066701,75.108215690772,59.0157777873378,41.3833521291716,87.0783412799917,178511830.0,351451876.0,19.2671597688282
2013-01-01,YR2013,East Asia & Pacific,EAS,male,5.00728625809284,21.6152988925222,51.8539227786606,26.5313542394768,77.6824447644752,0.0,0.0,0.0,60.0535597530045,1241357013.0,2252311022.0,92.3570191029982
2013-01-01,YR2013,South Asia,SAS,male,1.99675879682086,17.6099953700403,21.3061544728426,61.0840467206276,79.9140688070405,0.0,0.0,0.0,25.5757819110295,642882428.0,1699310450.0,356.131830210431
2013-01-01,YR2013,Europe & Central Asia (excluding high income),ECA,male,3.02119521175538,16.5372812439999,65.8737384342361,17.5893065516467,69.740993171157,73.0731648035815,69.1115249609738,35.4206674406407,77.6572990855282,191092070.0,405871230.0,17.9404665806724
2013-01-01,YR2013,East Asia & Pacific (excluding high income),EAP,male,5.01559664283456,22.4323087675693,48.4640206768284,29.1043557710539,78.5311059816164,0.0,0.0,0.0,57.6872794402392,1114851227.0,2009173000.0,126.255875435581
2014-01-01,YR2014,United States,USA,male,5.05600023269653,8.4069995880127,90.7809982299805,0.811999976634979,68.5429992675781,74.3520965576172,57.7075004577637,40.8452987670898,87.9049987792969,159800262.0,318622525.0,34.8319553491586
2014-01-01,YR2014,United Kingdom,GBR,male,3.53299999237061,7.93699979782104,91.3519973754883,0.712000012397766,68.254997253418,83.6852035522461,74.293098449707,56.9580993652344,80.5059967041016,33143711.0,64613160.0,267.073781672385
2014-01-01,YR2014,European Union,EUU,male,5.84329251652502,12.2142594924481,84.1326988836963,3.65330512088307,64.2990802836003,78.0673972632112,66.1208690484666,38.2002687432414,80.010830370696,246529762.0,508193872.0,119.915277725669
2014-01-01,YR2014,Europe & Central Asia,ECS,male,4.69824034137436,13.8487401144934,77.5548970333794,8.59615215916128,66.8829832399768,76.4564030371887,66.8876239497554,36.7090961466202,79.5105443410625,433287761.0,903123160.0,32.913412066445
2014-01-01,YR2014,Canada,CAN,male,6.47200012207031,8.41199970245361,90.3870010375977,1.20099997520447,70.447998046875,75.7490997314453,64.9200973510742,45.5320014953613,81.3840026855469,19601132.0,35535348.0,3.90777026692663
2014-01-01,YR2014,Colombia,COL,male,5.60599994659424,14.3719997406006,79.3199996948242,6.30800008773804,83.0350036621094,79.4744033813477,73.8816986083984,63.2589988708496,48.1570014953613,25321884.0,47791911.0,43.0751789094187
2014-01-01,YR2014,Mexico,MEX,male,5.44000005722046,16.3239994049072,80.0790023803711,3.59800004959106,79.4589996337891,79.8393020629883,63.5125007629395,57.703800201416,68.1230010986328,54835995.0,124221600.0,63.9016435607912
2014-01-01,YR2014,Latin America & Caribbean,LCN,male,5.91791786634273,12.3646014489357,80.1302101008618,7.50567207028261,77.7901186972142,81.6284774691268,70.6075041535913,59.1353632061383,62.727979413215,296185877.0,624335544.0,31.1554564075895
2014-01-01,YR2014,North America,NAC,male,5.2060003185743,8.40755697845868,90.7370771810984,0.855363960649583,68.7420305517234,74.5016754544705,58.4797623301494,41.3471099562895,87.2142148453351,179401394.0,354223012.0,19.4190779223485
2014-01-01,YR2014,East Asia & Pacific,EAS,male,4.75240733323136,20.8399218553563,53.7959769724063,25.3640282682282,77.5218348669559,0.0,0.0,0.0,60.8140408429386,1248264185.0,2267745366.0,92.9898502606323
2014-01-01,YR2014,South Asia,SAS,male,1.97052957812212,17.2432364361699,21.8340533610823,60.9229928407964,79.6783868176885,0.0,0.0,0.0,25.9326476215449,655332906.0,1721847786.0,360.855077053142
2014-01-01,YR2014,Europe & Central Asia (excluding high income),ECA,male,3.08383245389025,16.6100302695874,67.3068187905967,16.0822981777564,69.9388955608543,73.7125138615656,67.7067959184486,33.3415944501855,78.1696216606344,191784264.0,408271623.0,18.0474949989095
2014-01-01,YR2014,East Asia & Pacific (excluding high income),EAP,male,4.74550724774422,21.5976483838948,50.5534270490901,27.8488740016463,78.3325940812329,0.0,0.0,0.0,58.5087605984529,1120401625.0,2023837097.0,127.177363233898
2015-01-01,YR2015,United States,USA,male,5.02099990844727,8.38199996948242,90.7539978027344,0.864000022411346,68.4290008544922,73.8436965942383,57.3680000305176,41.0429000854492,87.8539962768555,160838830.0,321039839.0,35.0962171847362
2015-01-01,YR2015,United Kingdom,GBR,male,3.42700004577637,7.67000007629395,91.6859970092773,0.644999980926514,68.1869964599609,83.7657012939453,74.1857986450195,56.8886985778809,80.9250030517578,33408045.0,65128861.0,269.205394122267
2015-01-01,YR2015,European Union,EUU,male,5.750180754012,12.0615496543607,84.5212896928691,3.41740930672866,64.1955640696485,78.0790462846827,65.8130922929238,37.8272817243004,80.404229492926,247117125.0,509717579.0,120.274646898604
2015-01-01,YR2015,Europe & Central Asia,ECS,male,4.67009699364929,13.5744595980343,78.1068273748561,8.31871296691289,66.97030348617,76.5835074706734,66.6350790149846,36.8708525383508,79.7791548515757,435703589.0,907426233.0,33.070230808523
2015-01-01,YR2015,Canada,CAN,male,6.59899997711182,8.4370002746582,90.3929977416992,1.16999995708466,70.4540023803711,75.7456970214844,63.6772994995117,44.8879013061523,81.484001159668,19733477.0,35832513.0,3.94044906752178
2015-01-01,YR2015,Colombia,COL,male,5.12099981307983,13.7309999465942,79.7470016479492,6.52099990844727,82.8440017700195,79.4865036010742,74.9141998291016,63.260799407959,48.1860008239746,25773738.0,48228697.0,43.4688571428571
2015-01-01,YR2015,Mexico,MEX,male,5.59600019454956,16.4699993133545,80.0169982910156,3.51300001144409,79.3140029907227,79.0083999633789,63.3771018981934,57.8707008361816,68.3960037231445,56018784.0,125890949.0,64.7603842691427
2015-01-01,YR2015,Latin America & Caribbean,LCN,male,5.90280623249886,12.365711832642,80.2428715491707,7.3918864028113,77.6593709754363,81.1576827564139,70.8120609150879,58.8314424678104,62.2679382579801,301220481.0,631062657.0,31.4911513361172
2015-01-01,YR2015,North America,NAC,male,5.18675100337573,8.38808345479923,90.7140682320956,0.897846127511666,68.6404159039687,74.047516658094,58.044110194445,41.4549338490083,87.1849001935731,180572306.0,356937591.0,19.5678955297358
2015-01-01,YR2015,East Asia & Pacific,EAS,male,4.59434951724173,20.165064588022,55.722558982506,24.1124123907368,77.1811659116438,0.0,0.0,0.0,61.6680876460804,1250894661.0,2283108073.0,93.6198041233442
2015-01-01,YR2015,South Asia,SAS,male,2.02197833090848,16.89963592861,22.5832265491469,60.5175291141947,79.5914456600682,0.0,0.0,0.0,26.3800085974697,669033024.0,1744199944.0,365.539515342622
2015-01-01,YR2015,Europe & Central Asia (excluding high income),ECA,male,3.14388877730915,16.1734446070778,68.2213973746672,15.6049066637066,70.2924201823835,74.1305860105103,67.5484344231347,34.1152107086501,78.380342532309,193380215.0,410770813.0,18.1579739724876
2015-01-01,YR2015,East Asia & Pacific (excluding high income),EAP,male,4.57298504373348,20.8456336317175,52.6437930445123,26.510612194323,77.947654526604,0.0,0.0,0.0,59.4170386762864,1122000873.0,2038410865.0,128.093174782846
2016-01-01,YR2016,United States,USA,male,4.96500015258789,8.25100040435791,90.8649978637695,0.88400000333786,68.5579986572266,73.5598983764648,57.4766998291016,41.2580986022949,87.9219970703125,162776841.0,323405935.0,35.3548798459019
2016-01-01,YR2016,United Kingdom,GBR,male,3.34599995613098,7.59700012207031,91.7779998779297,0.625,68.1750030517578,83.7750015258789,74.2388000488281,58.5559997558594,80.4970016479492,33693492.0,65595565.0,271.134481048237
2016-01-01,YR2016,European Union,EUU,male,5.63150144992999,12.0494670600542,84.8033908637903,3.14718081770411,64.1699669885884,78.1211181557094,65.7271344072487,37.8990570330602,80.73357645308,248380609.0,511218960.0,120.621346779881
2016-01-01,YR2016,Europe & Central Asia,ECS,male,4.63836830115179,13.4893559562445,78.5134269934209,7.99714658982717,67.0565126737674,76.6837719592208,66.5896597623362,36.8593118901517,79.774130565587,438422120.0,911686319.0,33.2251584004133
2016-01-01,YR2016,Canada,CAN,male,6.40999984741211,8.68299961090088,90.1829986572266,1.13399994373322,70.1060028076172,75.352897644043,63.3680000305176,44.3600006103516,81.3980026245117,19926490.0,36264604.0,3.98796548307529
2016-01-01,YR2016,Colombia,COL,male,4.92999982833862,13.1940002441406,80.0550003051758,6.75099992752075,82.5589981079102,78.9738006591797,74.2873992919922,62.4086990356445,47.8349990844727,26020330.0,48653419.0,43.8516620099144
2016-01-01,YR2016,Mexico,MEX,male,5.74499988555908,16.8939990997314,79.6959991455078,3.41199994087219,79.0899963378906,79.1174011230469,63.4109001159668,57.3009986877441,68.8809967041016,56990890.0,127540423.0,65.6089009490985
2016-01-01,YR2016,Latin America & Caribbean,LCN,male,5.91205284427021,12.0440851722405,80.4645745197192,7.49178559222405,77.392644537492,81.1838003343974,70.4022297438234,54.4296498073054,62.085520341423,305324102.0,637663890.0,31.8205646282873
2016-01-01,YR2016,North America,NAC,male,5.1152264319556,8.29865115983181,90.7897713889701,0.911575716088813,68.7199332317749,73.7512446653358,58.1054108668303,41.5891290987462,87.2437440466484,182703331.0,359735880.0,19.7213022545938
2016-01-01,YR2016,East Asia & Pacific,EAS,male,4.52286740545251,19.7943884180606,57.3176002122863,22.8886157851541,76.8587905048362,0.0,0.0,0.0,61.9967015110566,1257025739.0,2298726779.0,94.2602561002502
2016-01-01,YR2016,South Asia,SAS,male,2.04284050255947,16.6547251782317,23.4494488815494,59.8961174205263,79.5286741375509,0.0,0.0,0.0,26.8139647877345,683019429.0,1766393714.0,370.190759574874
2016-01-01,YR2016,Europe & Central Asia (excluding high income),ECA,male,3.19564522017923,16.0562626781469,68.8135545196449,15.1299607461011,70.4839590780153,74.2632460822149,67.5095506123669,33.789997782591,78.08242141881,194518812.0,413234935.0,18.2668963568579
2016-01-01,YR2016,East Asia & Pacific (excluding high income),EAP,male,4.48568578365361,20.465075906571,54.3477400768283,25.1878749925012,77.5801455957897,0.0,0.0,0.0,59.7646570311685,1127073901.0,2053299126.0,129.028748984903
